N;Name;Work;Scopus;Wos
1;Абдуллин Тимур Ринатович;Информационная безопасность (Доцент, к.н.), 0.25;55530661500;JLE-2673-2023
2;Адылина Анна Петровна;Стандартизация, метрология и сертификация (Доцент, к.н.), 1;56973858400;AAB-9280-2022
3;Азаматова Гульназ Булатовна;Гуманитарные дисциплины (Профессор, д.н.), 1;57195682822;G-9842-2016
4;Акопян Торгом Кароевич;Сектор научной деятельности (Доцент, к.н.), 0.25;55809950100;L-7402-2016
5;Александров Алексей Владимирович;Технологии и оборудование машиностроения (Доцент, к.н.), 1;57351677700;ABE-3907-2021
6;Алексахина Юлия Владимировна;Менеджмент (Доцент, к.н.), 0.5;57192316603;C-1251-2018
7;Алексашина Ольга Вячеславовна;Стандартизация, метрология и сертификация (Доцент, к.н.), 0.25;57212380607;AAC-2647-2022
8;Аленин Илья Александрович;Иностранные языки (Старший преподаватель), 1;;AIE-5568-2022
9;Аленина Елена Эдуардовна;Менеджмент (Заведующий кафедрой, к.н.), 1;56682888300;AAG-8926-2020
10;Алпатова Марианна Валерьевна;Информатика и информационные технологии (Старший преподаватель), 1;57216154479;
11;Алтунина Юлия Олеговна;Реклама и связи с общественностью в медиаиндустрии (Заведующий кафедрой, к.н.), 1;58078588500;AAG-7558-2021
12;Алхассан Тиджани Форго;Экономика и организация (Старший преподаватель, к.н.), 1;57223141979;AAY-7567-2020
13;Аминов Илья Исакович;Гуманитарные дисциплины (Доцент, д.н.), 0.75;57220733909;AAD-9462-2022
14;Амиров Данис Фанисович;Информационная безопасность (Доцент, к.н.), 1;57193485431;
15;Ангелова Дарья Юрьевна;ХимБиотех (Ассистент), 0.15;. Би т;
16;Андреева Людмила Павловна;Оборудование и технологии сварочного производства (Доцент, к.н.), 1;7102725156;AAW-6575-2021
17;Анопченко Татьяна Юрьевна;Менеджмент (Профессор, д.н.), 0.5;56724323000;P-9624-2015
18;Антонова Ландыш Халяфовна;Математика (Доцент, к.н.), 0.5;7006415608;I-3881-2018
19;Антонян Акоп Ваганович;Передовая инженерная школа электротранспорта Московского Политеха (Доцент, к.н.), 0.35;57217148592;
20;Апелинский Дмитрий Викторович;Энергоустановки для транспорта и малой энергетики (Доцент, к.н.), 1;57209475391;ABX-3252-2022
21;Арзамасова Екатерина Львовна;Управление персоналом (Старший преподаватель), 1;57320663300;AGZ-3098-2022
22;Арсентьев Дмитрий Андреевич;Информатика и информационные технологии (Доцент, к.н.), 1;57226784037;M-4578-2015
23;Артамонова Инна Викторовна;ХимБиотех (Доцент, к.н.), 0.5;36833294200;C-2007-2017
24;Архангельский Александр Игоревич;Математика (Доцент, к.н.), 1;57216222284;AAH-4646-2020
25;Архангельский Вадим Юрьевич;Аппаратурное оформление и автоматизация технологических производств имени профессора М.Б. Генералова (Профессор, д.н.), 0.25;42760917100;
26;Архипов Максим Викторович;Автоматика и управление (Доцент, к.н.), 1;57188648808;B-5226-2017
27;Афанасьева Елена Викторовна;Промышленная теплоэнергетика (Доцент, к.н.), 0.25;;AAE-8750-2020
28;Ашрафи Арифа;Инфокогнитивные технологии (Ассистент), 0.5;57221096741;IQT-0194-2023
29;Базалеева Ксения Олеговна;Материаловедение (Доцент, к.н.), 0.1;6506379564;AAH-9839-2019
30;Балясникова Ольга Вениаминовна;Инфокогнитивные технологии (Доцент, к.н.), 0.5;57203523645;
31;Банзула Юрий Борисович;Аппаратурное оформление и автоматизация технологических производств имени профессора М.Б. Генералова (Профессор, д.н.), 0.25;8594090000;
32;Баранова Елена Юрьевна;Аппаратурное оформление и автоматизация технологических производств имени профессора М.Б. Генералова (Доцент, к.н.), 0.41;7005552794;AAG-9649-2020
33;Баринов Владимир Романович;Инфокогнитивные технологии (Преподаватель), 1;;CAF-8907-2022
34;Баринова Наталья Владимировна;Инфокогнитивные технологии (Преподаватель, к.н.), 0.5;;GVS-3934-2022
35;Бебенин Вячеслав Геннадьевич;Автоматика и управление (Профессор, д.н.), 0.5;57209459567;
36;Беззатеева Эвелина Гайковна;Технологии и управление качеством в полиграфическом и упаковочном производстве (Доцент, к.н.), 0.5;57210981861;ABE-1629-2020
37;Бекетова Татьяна Валентиновна;Инфокогнитивные технологии (Профессор, д.н.), 0.5;7003535611;AAA-1665-2019
38;Белелюбский Борис Феликсович;Металлургия (Доцент, к.н.), 1;35755290100;A-7151-2014
39;Белоглазов Максим Валерьевич;Физическое воспитание (Старший преподаватель), 1;;HTQ-2543-2023
40;Белуков Сергей Владимирович;Техника низких температур имени П.Л.Капицы (Профессор, к.н.), 1;6508104624;
41;Белянина Ирина Владимировна;Управление персоналом (Доцент, к.н.), 0.75;57222660402;
42;Беренгартен Михаил Георгиевич;Аппаратурное оформление и автоматизация технологических производств имени профессора М.Б. Генералова (Профессор, к.н.), 0.25;6602666972;AAH-4840-2020
43;Бескоровайная Светлана Анатольевна;Экономика и организация (Доцент, к.н.), 0.25;57213589312;
44;Бирюков Владимир Александрович;Экономика и организация (Доцент, к.н.), 0.5;57202906454;M-8751-2015
45;Бобров Владимир Иванович;Технологии и управление качеством в полиграфическом и упаковочном производстве (Профессор, д.н.), 0.75;57193954469;
46;Боброва Екатерина Олеговна;Информационная безопасность (Ассистент), 0.5;57222733732;
47;Богданов Михаил Рифкатович;Математика (Доцент, к.н.), 1;23969849800;AAH-2796-2020
48;Бойкова Галина Васильевна;Математика (Доцент, к.н.), 0.5;58566326100;F-5546-2017
49;Болотников Сергей Владимирович;Менеджмент (Доцент, к.н.), 1;;AAS-8512-2021
50;Бондарь Валентин Степанович;Техническая механика и компьютерное моделирование (Профессор, д.н.), 0.5;56338499900;AAB-5821-2019
51;Бородачева Любовь Викторовна;Менеджмент (Старший преподаватель), 1;57190410329;AAE-1658-2022
52;Бритвина Валентина Валентиновна;Инфокогнитивные технологии (Доцент, к.н.), 1;55961145900;0000-0001-6528-6845
53;Бровкина Юлия Игоревна;Техническая механика и компьютерное моделирование (Заведующий кафедрой, к.н.), 1;57205456014;AAQ-5656-2021
54;Будникова Ольга Александровна;Технологии и управление качеством в полиграфическом и упаковочном производстве (Доцент, к.н.), 0.1;0000-0002-6099-8859;M-4303-2015
55;Будылина Евгения Александровна;Инфокогнитивные технологии (Доцент, к.н.), 1;56716517800;AAQ-1708-2020
56;Буздалина Ирина Александровна;Аппаратурное оформление и автоматизация технологических производств имени профессора М.Б. Генералова (Старший преподаватель), 0.5;6504098746;AAC-9973-2022
57;Булатников Евгений Владиславович;Информатика и информационные технологии (Заведующий кафедрой, к.н.), 1;0000-0003-0228-8389;M-4570-2015
58;Бурцев Дмитрий Сергеевич;Машины и технологии литейного производства (Доцент, к.н.), 0.75;57406598500;
59;Бутакова Наталья Георгиевна;Информационная безопасность (Доцент, к.н.), 1;57202349640;AAH-4610-2020
60;Буянов Григорий Олегович;Автоматика и управление (Преподаватель), 0.17;57112678200;
61;Вагабов Махач Мустафаевич;Гуманитарные дисциплины (Профессор, д.н.), 0.75;;ABE-8346-2021
62;Вакку Григорий Владиславович;Центр проектной деятельности (Доцент, к.н.), 1;;ACB-1539-2022
63;Вальехо Мальдонадо Пабло Рамон;Энергоустановки для транспорта и малой энергетики (Доцент, к.н.), 0.2;57201582726;2997677
64;Ван Хааске Лейонис Аанрис;Центр проектной деятельности (Ассистент), 1;58819726600;JRX-4154-2023
65;Варламов Дмитрий Олегович;Электрооборудование и промышленная электроника (Старший преподаватель), 1;57208498910;
66;Вартанов Михаил Владимирович;Технологии и оборудование машиностроения (Профессор, д.н.), 0.8;6507594075;AAB-5460-2022
67;Васильев Виктор Андреевич;Стандартизация, метрология и сертификация (Профессор, д.н.), 0.3;57192588129;Q-6646-2016
68;Васильев Илья Юрьевич;Инновационные материалы принтмедиаиндустрии (Старший преподаватель), 0.9;57195569317;ABW-6525-2022
69;Васильева Наталья Владимировна;Математика (Доцент, к.н.), 0.5;7103080864;E-5934-2014
70;Ватутина Лариса Алексеевна;Менеджмент (Доцент, к.н.), 0.75;57219183082;AAG-7483-2020
71;Верещагин Владислав Юрьевич;Инфокогнитивные технологии (Доцент, к.н.), 1;57231845100;G-3817-2018
72;Верхов Евгений Юрьевич;Обработка материалов давлением и аддитивные технологии (Доцент, к.н.), 0.25;6504021025;N-3005-2015
73;Винокур Алексей Иосифович;Информатика и информационные технологии (Профессор, д.н.), 0.5;56609997000;N-1704-2015
74;Войтович Елена Валерьевна;;56300627600;HGB-1482-2022
75;Волгина Наталья Ивановна;Металлургия (Доцент, к.н.), 0.5;6507345619;ABF-7957-2020
76;Волкова Лариса Викторовна;Физика (Доцент, к.н.), 0.4;8968566100;C-1238-2018
77;Володина Елена Владимировна;Иностранные языки (Доцент, к.н.), 1;57219746562;
78;Володина Ольга Вячеславовна;Инфокогнитивные технологии (Преподаватель), 1;57985696100;CAA-4321-2022
79;Володько Сергей Сергеевич;Сектор научной деятельности (Доцент, к.н.), 0.25;57205224775;ABB-1403-2022
80;Волошинов Евгений Борисович;Физика (Доцент, к.н.), 0.25;57195553871;HLX-7003-2023
81;Вольнов Илья Николаевич;Машины и технологии литейного производства (Доцент, к.н.), 0.25;6508267059;H-8272-2017
82;Воробьев Никита Григорьевич;Инфокогнитивные технологии (Ассистент), 1;0000-0001-5995-7526;0000-0001-5995-7526
83;Ворожцов Александр Леонидович;Технологии и управление качеством в полиграфическом и упаковочном производстве (Доцент, к.н.), 0.75;;Conference Proceedings Scopus
84;Воронин Денис Михайлович;Центр проектной деятельности (Доцент, к.н.), 0.25;57205328151;AAJ-7106-2021
85;Воронин Станислав Сергеевич;Сектор научной деятельности (Доцент, к.н.), 0.25;57170088800;HHM-7325-2022
86;Вячеславова Ольга Федоровна;Стандартизация, метрология и сертификация (Профессор, д.н.), 1;6505705847;
87;Гаврилов Александр Игоревич;Инфокогнитивные технологии (Профессор, к.н.), 1;6763571400;ABD-5724-2022
88;Гаврюшин Сергей Сергеевич;Динамика, прочность машин и сопротивление материалов (Профессор, д.н.), 0.25;6507067486;
89;Гайдашева Ирина Игоревна;ХимБиотех (Доцент, к.н.), 1;57445637600;HGU-5428-2022
90;Гасияров Вадим Рашитович;Сектор научной деятельности (Доцент, к.н.), 0.25;56512224300;D-5003-2015
91;Герасимова Светлана Валентиновна;Русский язык и история литературы (Доцент, к.н.), 0.5;;AAY-2626-2020
92;Герценштейн Илья Шойлович;Полиграфические системы (Профессор, к.н.), 0.3;5.721.126.960.157.220.000.000;
93;Герцык Светлана Исааковна;Металлургия (Доцент, к.н.), 0.25;6603190402;W-1219-2017
94;Гилев Геннадий Андреевич;Физическое воспитание (Профессор, д.н.), 0.25;9003-5086;0000-0002-8906-1568
95;Глущенко Валерий Владимирович;СМАРТ-технологии (Профессор, д.н.), 0.25;0000-0003-1324-9326;746410
96;Гневашев Денис Александрович;Обработка материалов давлением и аддитивные технологии (Доцент, к.н.), 1;8909161800;ABC-7450-2022
97;Гневшев Александр Юрьевич;Информационная безопасность (Старший преподаватель), 1;;ACT-3344-2022
98;Гнибеда Артем Юрьевич;Инфокогнитивные технологии (Старший преподаватель), 1;57221200046;AAD-2081-2021
99;Говердовский Владимир Николаевич;Техническая механика и компьютерное моделирование (Профессор, д.н.), 0.5;0000-0002-8173-6188;CAJ-1678-2022
100;Годжаев Захид Адыгезал оглы;Наземные транспортные средства (Профессор, д.н.), 0.1;7;4
101;Годунов Евгений Борисович;ХимБиотех (Преподаватель), 1;51863638700;C-1092-2014
102;Голик Владимир Иванович;Металлургия (Профессор, д.н.), 0.1;497371;0000-0002-1181-8452
103;Голованов Иван Юрьевич;Аппаратурное оформление и автоматизация технологических производств имени профессора М.Б. Генералова (Ассистент), 0.25;57221737343;HTS-5575-2023
104;Головин Игорь Станиславович;Обработка материалов давлением и аддитивные технологии (Профессор, д.н.), 0.1;7006821098;0000-0001-5557-2979
105;Головко Виталий Анатольевич;Физика (Профессор, д.н.), 0.5;7005977675;C-1247-2018
106;Горин Кирилл Викторович;Аппаратурное оформление и автоматизация технологических производств имени профессора М.Б. Генералова (Доцент, к.н.), 0.1;56703363100;A-5406-2014
107;Горлевская Людмила Эдуардовна;Экономика и организация (Доцент, к.н.), 0.1;57202602713;GNM- 8081-2022
108;Горлова Ольга Евгеньевна;Реклама и связи с общественностью в медиаиндустрии (Старший преподаватель), 1;;AAA-9900-2021
109;Горшина Елена Сергеевна;ХимБиотех (Доцент, к.н.), 1;10045919600;AAP-6265-2021
110;Горшкова Лариса Олеговна;Технологии и управление качеством в полиграфическом и упаковочном производстве (Доцент, к.н.), 0.5;;N-4837-2015
111;Гранкина Виктория Леонидовна;Менеджмент (Доцент, к.н.), 1;56682811700;AAE-1659-2022
112;Графкина Марина Владимировна;Экологическая безопасность технических систем (Профессор, д.н.), 0.75;56447118400;
113;Гридчина Александра Владимировна;Менеджмент (Профессор, д.н.), 0.5;57190413370;AAF-4640-2020
114;Гришин Александр Игоревич;Промышленная теплоэнергетика (Старший преподаватель), 0.25;;ADV-5548-2022
115;Громовых Пётр Сергеевич;Процессы и аппараты химической технологии (Заведующий кафедрой, к.н.), 1;16024700500;G-4813-2019
116;Громовых Татьяна Ильинична;ХимБиотех (Профессор, д.н.), 0.5;6506225279;HKV-2269-2023
117;Груненков Николай Валерьевич;Автоматика и управление (Старший преподаватель), 0.97;57217211166;AAO-8276-2021
118;Губанова Наталья Владимировна;Экономика и организация (Доцент, к.н.), 0.5;56178383000;N-7610-2015
119;Давыденко Людмила Васильевна;Материаловедение (Доцент, к.н.), 0.75;6603086715;AAH-6709-2020
120;Давыдова Татьяна Тимофеевна;Русский язык и история литературы (Профессор, д.н.), 1;;AGI-3527-2022
121;Дайбаге Даниил Саюзович;Математика (Ассистент), 0.35;57673090900;AHD-0951-2022
122;Даньшина Марина Владимировна;Инфокогнитивные технологии (Старший преподаватель), 0.5;56441738400;M-4989-2017
123;Дебелов Владимир Валентинович;СМАРТ-технологии (Доцент, к.н.), 0.25;57209468691;
124;Дедов Александр Васильевич;Инновационные материалы принтмедиаиндустрии (Профессор, д.н.), 0.5;7005177190;
125;Дементьев Александр Александрович;Энергоустановки для транспорта и малой энергетики (Доцент), 1;57201779971;
126;Демидов Дмитрий Григорьевич;Факультет информационных технологий (Декан факультета, к.н.), 1;57216153901;M-3766-2015
127;Дербасова Евгения Михайловна;Промышленное и гражданское строительство (Доцент, к.н.), 0.25;57212388672;
128;Деревяшкин Игорь Владимирович;Техника и технология горного и нефтегазового производства (Профессор, д.н.), 0.75;6504744976;V-8948-2017
129;Джунковский Андрей Владимирович;СМАРТ-технологии (Доцент, к.н.), 1;35104807500;F-8233-2014
130;Дмитриева Людмила Александровна;Техническая механика и компьютерное моделирование (Старший преподаватель), 0.5;57936850000;
131;Дмитриева Ольга Владимировна;Экономика и организация (Доцент, к.н.), 0.25;57205199789;M-9023-2015
132;Добрица Вячеслав Порфирьевич;Информационная безопасность (Профессор, д.н.), 0.5;0000-0001-7533-3684;S-7191-2016
133;Доронин Федор Александрович;Технологии и управление качеством в полиграфическом и упаковочном производстве (Заведующий кафедрой, к.н.), 1;57203091767;B-2266-2014
134;Дорошенко Виталий Владимирович;Сектор научной деятельности (Доцент, к.н.), 0.25;57193013629;ABB-5717-2020
135;Дуничкин Илья Владимирович;Центр проектной деятельности (Доцент, к.н.), 0.5;55537535900;I-9455-2014
136;Евдокимов Андрей Григорьевич;Технологии и управление качеством в полиграфическом и упаковочном производстве (Старший преподаватель), 0.5;57203091325;48783842
137;Евтихов Владимир Георгиевич;Прикладная информатика (Доцент, к.н.), 0.5;6506445866;
138;Егоров Дмитрий Евгеньевич;Физическое воспитание (Доцент, к.н.), 1;;0000-0003-1559-8212
139;Егорычева Элина Викторовна;Физическое воспитание (Доцент, к.н.), 1;56406380200;W-1099-2017
140;Еникеев Ильдар Хасанович;Математика (Профессор, д.н.), 1;6603661360;AAO-8389-202
141;Еремеева Жанна Владимировна;Металлургия (Профессор, д.н.), 0.5;6506655231;G-8336-2015
142;Еременко Ольга Викторовна;Экономика и организация (Ассистент), 0.5;57209134252;
143;Ермолаев Андрей Евгеньевич;Техника низких температур имени П.Л.Капицы (Доцент, к.н.), 1;57435652900;F-2942-2014
144;Ермолаев Борис Валерьевич;Физическое воспитание (Профессор, д.н.), 0.75;7003319284;GQZ-0717-2022
145;Ершов Денис Сергеевич;Стандартизация, метрология и сертификация (Доцент, к.н.), 0.5;57866408900;GQZ-5837-2022
146;Ершов Михаил Юрьевич;Машины и технологии литейного производства (Профессор, д.н.), 0.25;56496634500;
147;Ершова Вера Александровна;Экологическая безопасность технических систем (Доцент, к.н.), 0.5;36771249600;E-1664-2019
148;Есаков Алексей Евгеньевич;Наземные транспортные средства (Доцент, к.н.), 1;;AAW-3049-2021
149;Жиляева Ирина Александровна;Прикладная информатика (Доцент, к.н.), 0.5;57222478035;
150;Жихарев Александр Серафимович;Аппаратурное оформление и автоматизация технологических производств имени профессора М.Б. Генералова (Доцент, к.н.), 0.25;7003631929;
151;Жихарева Елена Дмитриевна;Центр проектной деятельности (Старший преподаватель), 1;57345410500;
152;Журавлева Галина Николаевна;Инновационные материалы принтмедиаиндустрии (Старший преподаватель), 0.75;57195572288;AAU-5131-2020
153;Задорожный Михаил Юрьевич;Сектор научной деятельности (Доцент, к.н.), 0.25;53165450200;ABB-6766-2020
154;Зимина Любовь Васильевна;Издательское дело и книговедение (Профессор, д.н.), 1;57393600500;HHC-1592-2022
155;Зорин Николай Евгеньевич;Материаловедение (Доцент, к.н.), 0.2;57191903404;
156;Зубов Дмитрий Владимирович;Аппаратурное оформление и автоматизация технологических производств имени профессора М.Б. Генералова (Доцент, к.н.), 0.25;57204976550;B-2794-2014
157;Зюлина Вера Витальевна;Менеджмент (Доцент, к.н.), 1;58485528900;ACY-6232-2022
158;Ибрагимов Гасангусейн Ибрагимович;Гуманитарные дисциплины (Профессор, д.н.), 0.25;56275401400;K-9574-2015
159;Иванников Сергей Николаевич;Технологии и оборудование машиностроения (Профессор, к.н.), 0.4;57204677604;
160;Иванов Сергей Сергеевич;ХимБиотех (Профессор, д.н.), 0.25;57197019875;B-3607-2018
161;Иванько Александр Федорович;Информатика и информационные технологии (Профессор, к.н.), 1;DOI: 10.17485/ijst/2016/v9i36/102130, September 2016., ISSN (Print) : 0974-6846, ISSN (Online) : 0974-5645.;M-4640-2015
162;Игнатьева Ольга Валерьевна;Управление персоналом (Доцент, к.н.), 1;57093936600;AAO-4584-2020
163;Илюхин Виктор Дмитриевич;Машины и технологии литейного производства (Доцент, к.н.), 0.25;57193834262;
164;Исаева Ольга Геннадьевна;Экономика и организация (Доцент, к.н.), 0.2;57218913970;O-3790-2015
165;Исаенко Александр Павлович;Управление персоналом (Доцент, к.н.), 1;58134477500;8683-2022
166;Истомина Татьяна Викторовна;СМАРТ-технологии (Профессор, д.н.), 0.25;6701358550;0-9350-2015
167;Калпин Юлий Григорьевич;Обработка материалов давлением и аддитивные технологии (Профессор, д.н.), 0.25;6507510523;
168;Калпина Нина Юльевна;Экологическая безопасность технических систем (Доцент, к.н.), 1;57222359275;
169;Калуцкий Игорь Владимирович;Информационная безопасность (Заведующий кафедрой, к.н.), 1;57211506296;
170;Кандрашина Мария Алексеевна;;58266141300;
171;Карабутов Николай Николаевич;Прикладная информатика (Профессор, д.н.), 0.5;6603372930;M-3772-2019
172;Каримов Абдулмусаввир Абдулхафизович;;57223590304;
173;Каримова Ирина Юрьевна;Реклама и связи с общественностью в медиаиндустрии (Старший преподаватель), 0.75;57212376128;GNW-3261-2022
174;Карлов Сергей Петрович;Автоматика и управление (Доцент, к.н.), 0.5;55403181300;U-7589-2019
175;Кармазин Леонид Игоревич;Математика (Ассистент), 0.25;;HIR-7168-2022
176;Карпов Александр Викторович;Инфокогнитивные технологии (Доцент, к.н.), 1;54796713100;
177;Келлер Андрей Владимирович;Наземные транспортные средства (Заведующий кафедрой, д.н.), 0.15;57189699452;S-5657-2016
178;Кесель Сергей Александрович;Информационная безопасность (Доцент, к.н.), 1;58102516700;
179;Ким Татьяна Константиновна;Физическое воспитание (Профессор, д.н.), 0.25;57201356602;ABC-5931-2021
180;Кирсанкин Андрей Александрович;Сектор научной деятельности (Доцент, к.н.), 0.25;54405698400;L-8208-2015
181;Киселева Елена Михайловна;Управление персоналом (Доцент, к.н.), 1;57189521204;AAH-1980-2020
182;Клевлеев Валерий Медхатович;Аппаратурное оформление и автоматизация технологических производств имени профессора М.Б. Генералова (Профессор, д.н.), 0.25;8957968700;AAN-5337-2020
183;Климов Александр Владимирович;Передовая инженерная школа электротранспорта Московского Политеха (Доцент, к.н.), 0.4;57218166154;GOP-2293-2022
184;Клюев Роман Владимирович;Техника и технология горного и нефтегазового производства (Профессор, д.н.), 0.25;57194206632;J-8000-2014
185;Ковалева Виктория Викторовна;СМАРТ-технологии (Доцент, к.н.), 0.25;;CAG-0760-2022
186;Коган Ефим Александрович;Математика (Доцент, к.н.), 0.5;56911934600;
187;Кожухова Валентина Валерьевна;Иностранные языки (Старший преподаватель), 0.5;Kozhukhova;Kozhukhova
188;Кокорина Юлия Георгиевна;Гуманитарные дисциплины (Профессор, д.н.), 0.4;57219245095;С-1481-2018
189;Колищак Лариса Михайловна;Промышленное и гражданское строительство (Преподаватель), 0.8;58072427400;AGF-1246-2022
190;Колодочкин Алексей Александрович;Информатика и информационные технологии (Старший преподаватель), 1;58078903200;
191;Колтунов Игорь Ильич;Прикладная информатика (Профессор, д.н.), 0.5;6507033700;
192;Комаров Иван Александрович;Сектор научной деятельности (Доцент, к.н.), 0.25;55967329900;J-7230-2013
193;Комарова Людмила Юрьевна;Инновационные материалы принтмедиаиндустрии (Доцент, к.н.), 0.5;57219361135;O-4188-2015
194;Комлев Михаил Алексеевич;Физическое воспитание (Старший преподаватель), 1;58202518100;JFL-0896-2023
195;Кондратов Александр Петрович;Центр проектной деятельности (Профессор, д.н.), 0.5;6603924314;ADR-7029-2022
196;Кононенко Ксения Михайловна;Информатика и информационные технологии (Преподаватель), 1;57216147805;
197;Копылов Сергей Васильевич;Физика (Доцент, к.н.), 0.5;7003447061;E-8087-2017
198;Кореневская Евгения Александровна;Центр проектной деятельности (Преподаватель), 0.5;;ResearcherID Web of Science:ХКЭ-6083-2023
199;Корнеев Сергей Дмитриевич;Промышленная теплоэнергетика (Профессор, д.н.), 0.75;7006776194;
200;Корнилов Иван Константинович;Полиграфические системы (Профессор, д.н.), 1;;V-8114-2017
201;Корнюшин Максим Витальевич;Материаловедение (Преподаватель), 0.15;57219230569;
202;Коротицкий Андрей Викторович;Физика (Доцент, к.н.), 0.25;6507001888;A-4209-2014
203;Коротун Ольга Николаевна;Менеджмент (Доцент, к.н.), 1;58566084900;AAH-2329-2020
204;Корячко Марина Валерьевна;Физика (Доцент, к.н.), 1;56376049800;F-7539-2019
205;Косарин Сергей Петрович;Центр проектной деятельности (Доцент, к.н.), 0.5;57220956088;D-2372-2019
206;Косач Лев Анатольевич;Энергоустановки для транспорта и малой энергетики (Старший преподаватель), 1;57205459363;B-8771-2017
207;Косенок Юрий Николаевич;Экологическая безопасность технических систем (Профессор, д.н.), 0.45;DOI: 10.5890/JEAM.2023.06.005;
208;Кошель Илья Сергеевич;Менеджмент (Старший преподаватель), 1;0000-0001-6561-3893;ABB-8269-2021
209;Кошмин Александр Николаевич;Сектор научной деятельности (Доцент, к.н.), 0.25;57201582427;AAN-3903-2021
210;Крамер Светлана Михайловна;ХимБиотех (Доцент, к.н.), 0.9;0000-0003-0410-7078;ABF-7555-2020
211;Красин Валерий Павлович;Физика (Профессор, д.н.), 0.5;6603621623;B-9338-2017
212;Красников Александр Сергеевич;Информационная безопасность (Доцент, к.н.), 0.5;24174575300;L-9866-2014
213;Красникова Ирина Николаевна;Инфокогнитивные технологии (Старший преподаватель), 1;57190855058;
214;Крекова Марина Михайловна;Управление персоналом (Заведующий кафедрой, д.н.), 1;57212484981;ABF-1756-2021
215;Крестовский Сергей Александрович;Иллюстрация и эстамп (Доцент), 0.5;krestovskiy52;krestovskiy52
216;Кругликова Елена Сергеевна;Экологическая безопасность технических систем (Доцент, к.н.), 0.5;7801400297;
217;Кружалов Алексей Сергеевич;Инфокогнитивные технологии (Преподаватель), 1;57221106319;ABC-1856-2022
218;Крутина Елена Васильевна;Обработка материалов давлением и аддитивные технологии (Доцент, к.н.), 0.5;56112627900;N-2972-2015
219;Крутских Владислав Викторович;Автоматика и управление (Доцент, к.н.), 0.4;56439866300;000-0001-9472-8235
220;Крутякова Маргарита Викторовна;Технологии и оборудование машиностроения (Доцент, к.н.), 0.6;57197729411;
221;Крылова Лелия Сергеевна;Художественно-техническое оформление печатной продукции (Ассистент), 0.75;58823388500;
222;Крюкова Людмила Юрьевна;Инновационные материалы принтмедиаиндустрии (Доцент, к.н.), 0.3;6603823540;AAP-8161-2021.
223;Ксенофонтова Халидя Зейнятулловна;Центр проектной деятельности (Доцент, к.н.), 1;57220060022;AAS-6372-2020
224;Кублашвили Оксана Вячеславовна;Технологии и управление качеством в полиграфическом и упаковочном производстве (Доцент, к.н.), 0.5;57218906428;O-1183-2015
225;Кудряшов Алексей Валерьевич;Физика (Профессор, д.н.), 0.25;7004918935;E-1280-2014
226;Кузина Александра Владимировна;Техника и технология горного и нефтегазового производства (Заведующий кафедрой), 1;57218871596;3460938
227;Кузнецов Александр Валерьевич;Автоматика и управление (Доцент, к.н.), 1;57210933721;
228;Кузнецова Ирина Анатольевна;Аппаратурное оформление и автоматизация технологических производств имени профессора М.Б. Генералова (Профессор, д.н.), 0.75;16429087000;AAI-3391-2020
229;Кузовов Сергей Сергеевич;Центр проектной деятельности (Доцент, к.н.), 1;57211641260;IWV-3654-2023
230;Кулибаба Ирина Викторовна;Инфокогнитивные технологии (Старший преподаватель), 0.75;58078395900;CAF-4444-2022
231;Куликов Владимир Владиславович;Центр проектной деятельности (Профессор, д.н.), 1;57205210904;
232;Куликов Григорий Борисович;Полиграфические системы (Профессор, д.н.), 0.35;55049253400;A-9239-2016
233;Куликова Светлана Викторовна;Прикладная информатика (Доцент, к.н.), 1;57200074764;U-2456-2018
234;Кульмухаметова Александра Сериковна;Автоматика и управление (Доцент, к.н.), 0.5;56512266300;M-5416-2016
235;Куприянова Татьяна Георгиевна;Издательское дело и книговедение (Профессор, д.н.), 1;;DOI 10.20339/PhS2-21.092
236;Курбакова Марина Андреевна;Иностранные языки (Доцент, к.н.), 1;0000-0002-1173-921X;AAI-2014-2020
237;Курбатова Ирина Александровна;Материаловедение (Доцент, к.н.), 0.5;56045416600;H-2516-2019
238;Куренная Виктория Витальевна;Экономика и организация (Профессор, д.н.), 0.75;56658682800;GSI-4593-2022
239;Курмышева Александра Юрьевна;Экологическая безопасность технических систем (Доцент, к.н.), 0.5;57214824963;AAT-6008-2020
240;Лагуткин Михаил Георгиевич;Аппаратурное оформление и автоматизация технологических производств имени профессора М.Б. Генералова (Профессор, д.н.), 0.5;6701688031;AAG-9532-2020
241;Лазарева Ольга Юрьевна;Информатика и информационные технологии (Доцент, к.н.), 1;57033904400;M-4422-2015
242;Ларцева Татьяна Александровна;Стандартизация, метрология и сертификация (Старший преподаватель), 0.5;57218337773;AAH-2681-2020
243;Ластовиря Вячеслав Николаевич;Оборудование и технологии сварочного производства (Профессор, д.н.), 0.3;6602318932;
244;Латыпов Рашит;Оборудование и технологии сварочного производства (Профессор, д.н.), 1;7003894968;ABH-1608-2020
245;Латыпова Гюльнара Рашитовна;Оборудование и технологии сварочного производства (Доцент, к.н.), 1;57191287566;AAK-4553-2021
246;Лебедева Симона Эрнестовна;Журналистика и массовые коммуникации имени М.Ф. Ненашева (Доцент, к.н.), 0.75;;HNC-2938-2023
247;Левина Елена Михайловна;Технологии и оборудование машиностроения (Доцент, к.н.), 0.6;36156157200;ABF-1500-2022
248;Левина Татьяна Анатольевна;Стандартизация, метрология и сертификация (Заведующий кафедрой, к.н.), 1;56328021300;
249;Лемешко Татьяна Владимировна;Иллюстрация и эстамп (Доцент, к.н.), 1;0000-0003-1472-5048;
250;Лепешкин Александр Владимирович;Промышленная теплоэнергетика (Профессор, к.н.), 0.5;6505813810;
251;Ливсон Майя Владимировна;Экономика и организация (Доцент, к.н.), 1;57202905965;M-7477-2015
252;Лисовская Татьяна Александровна;Автоматика и управление (Старший преподаватель), 0.5;57196036327;
253;Лисовский Юрий Эдуардович;Рисунок и живопись (Доцент), 0.75;;B-3521-2018
254;Лобанова Юлия Владимировна;Гуманитарные дисциплины (Заведующий кафедрой, к.н.), 1;57353009800;T-1465-2017
255;Логачёв Максим Сергеевич;Инфокогнитивные технологии (Доцент, к.н.), 1;57218769441;N-5353-2015
256;Лукьяненко Елена Владимировна;Материаловедение (Доцент, к.н.), 0.5;57190493637;H-2473-2019
257;Лукьянов Михаил Николаевич;Динамика, прочность машин и сопротивление материалов (Доцент), 1;6508153527;AAF-3422-2020
258;Лушин Кирилл Игоревич;Факультет урбанистики и городского хозяйства (Декан факультета, к.н.), 1;16175386200;F-2999-2015
259;Мазур Владимир Владимирович;Менеджмент (Старший преподаватель), 1;57190409484;
260;Макаренков Дмитрий Анатольевич;Аппаратурное оформление и автоматизация технологических производств имени профессора М.Б. Генералова (Профессор, д.н.), 0.1;8226460200;AAQ-2068-2020
261;Макарова Элина Владимировна;Физическое воспитание (Профессор, д.н.), 1;58291071000;GRX-4037-2022
262;Маклаков Александр Сергеевич;Сектор научной деятельности (Доцент, к.н.), 0.25;56511556300;K-1365-2015
263;Маковей Сергей Олегович;;58115700100;JRY-4772-2023
264;Максимов Юрий Викторович;Технологии и оборудование машиностроения (Профессор, д.н.), 0.4;57216801587;
265;Малахов Александр Владимирович;Стандартизация, метрология и сертификация (Доцент, к.н.), 0.25;58036826500;HJY-8395-2023
266;Малеев Руслан Алексеевич;Электрооборудование и промышленная электроника (Профессор, к.н.), 0.75;9250353300;
267;Малкаров Артем Юрьевич;;57771972100;JDD-8012-2023
268;Маляров Аркадий Ильич;Машины и технологии литейного производства (Профессор, к.н.), 0.5;0;0
269;Мамаев Алексей Николаевич;Техническая механика и компьютерное моделирование (Профессор, к.н.), 0.5;57205454317;AAH-4355-2021
270;Манаенков Игорь Владиславович;Технологии и оборудование машиностроения (Доцент, к.н.), 0.8;57197728732;
271;Марюшин Леонид Александрович;Промышленная теплоэнергетика (Заведующий кафедрой, к.н.), 1;6506319167;
272;Матросова Владлена Валентиновна;Автоматика и управление (Старший преподаватель), 1;57215596465;B-5245-2017
273;Мерзляков Виктор Георгиевич;Техника и технология горного и нефтегазового производства (Профессор, д.н.), 0.25;7006783032;ш-1824-2017
274;Мещангина Елена Ивановна;Центр проектной деятельности (Доцент, к.н.), 0.25;0000-0002-1212-2393;
275;Мжельская Елена Львовна;Издательское дело и книговедение (Доцент, к.н.), 0.5;57222090061;HMV-6572-2023
276;Милович Филипп Олегович;Сектор научной деятельности (Доцент, к.н.), 0.25;54953308600;AAT-4344-2020
277;Мироненко Надежда Сергеевна;Управление персоналом (Старший преподаватель), 0.5;57195327902;AAQ-9373-2021
278;Митрякова Ольга Леонидовна;Технологии и управление качеством в полиграфическом и упаковочном производстве (Доцент, к.н.), 0.75;0000-0002-7982-1252;
279;Молодцова Варвара Алексеевна;Иностранные языки (Старший преподаватель), 1;57206841157;
280;Моргунов Юрий Алексеевич;Факультет базовых компетенций (Декан факультета, к.н.), 1;57189241306;AAI-1723-2019
281;Морозова Ольга Ивановна;Центр проектной деятельности (Доцент, к.н.), 0.5;57223182721;Ф-3525-2018
282;Мохначев Виктор Сергеевич;Инфокогнитивные технологии (Ассистент), 0.5;57221084994;ABC-2477-2022
283;Мошин Андрей Алексеевич;Техника низких температур имени П.Л.Капицы (Ассистент), 0.25;57223112617;ACG-8971-2022
284;Муханов Сергей Александрович;Математика (Доцент, к.н.), 1;57204527190;AAG-8414-2020
285;Набебин Алексей Александрович;Инфокогнитивные технологии (Доцент, к.н.), 0.5;16504575300;L-2546-2015
286;Нагорнова Ирина Викторовна;Полиграфический институт (Директор института, к.н.), 1;57188666497;AAA-2989-2020
287;Назаренко Антон Владимирович;Факультет экономики и управления (Декан факультета, д.н.), 1;56583784500;C-6428-2013
288;Назаров Виктор Геннадьевич;Инновационные материалы принтмедиаиндустрии (Профессор, д.н.), 0.1;7202662388;B-2274-2014
289;Наянов Евгений Александрович;Управление персоналом (Старший преподаватель), 0.75;57219026849;AAW-8378-2021
290;Недогарок Антон Александрович;Информационная безопасность (Старший преподаватель), 0.5;57208707493;AAI-1612-2020
291;Некрасов Дмитрий Анатольевич;Техника низких температур имени П.Л.Капицы (Заведующий кафедрой, к.н.), 1;17434923700;U-5178-2019
292;Нефедов Сергей Владимирович;СМАРТ-технологии (Доцент), 0.25;57209800062;G-4369-2014
293;Николаев Александр Африканович;Инновационные материалы принтмедиаиндустрии (Преподаватель), 0.1;57224628186;AHB-3757-2022
294;Николаев Владимир Константинович;;56747273500;
295;Николайкина Наталья Евгеньевна;ХимБиотех (Профессор, к.н.), 0.5;6504419601;
296;Никольский Владимир Святославович;Центр проектной деятельности (Профессор, д.н.), 1;57883936000;
297;Носкова Василиса Евгеньевна;Центр проектной деятельности (Ассистент), 1;58947066400;
298;Овчинников Виктор Васильевич;Материаловедение (Заведующий кафедрой, д.н.), 1;57021083300;H-2490-2019
299;Одиноков Сергей Анатольевич;Стандартизация, метрология и сертификация (Профессор, д.н.), 0.2;57192594021;
300;Одинцев Игорь Николаевич;Динамика, прочность машин и сопротивление материалов (Доцент, к.н.), 0.5;6507859987;
301;Орлова Елена Юрьевна;Полиграфические системы (Доцент, к.н.), 0.9;57204461688;AAE-1465-2021
302;Осадченко Анна Владимировна;Математика (Ассистент), 0.25;57439684100;
303;Осипов Николай Леонидович;Динамика, прочность машин и сопротивление материалов (Доцент, к.н.), 0.5;57209723260;
304;Островская Ольга Игоревна;Экономика и организация (Доцент, к.н.), 0.75;57199262029;
305;Оськин Святослав Павлович;Автоматика и управление (Доцент, к.н.), 0.5;57223101922;
306;Отц Екатерина Викторовна;Гуманитарные дисциплины (Доцент, к.н.), 0.25;57352674200;AFO-7265-2022
307;Палагута Константин Алексеевич;Автоматика и управление (Доцент, к.н.), 0.5;6507236465;
308;Панкратов Сергей Николаевич;Машины и технологии литейного производства (Старший преподаватель), 0.5;;AAB-8880-2022
309;Панова Елена Павловна;Гуманитарные дисциплины (Доцент, к.н.), 0.5;57219895412;AAQ-4673-2021
310;Панова Наталия Алексеевна;Информатика и информационные технологии (Доцент, к.н.), 1;;M-7481-2015
311;Парфеньева Ирина Евгеньевна;Стандартизация, метрология и сертификация (Доцент, к.н.), 1;;AAH-1827-2020
312;Паршина Светлана Алексеевна;Технологии и оборудование машиностроения (Доцент, к.н.), 0.6;36156176600;AAE-7475-2020
313;Перминов Сергей Владимирович;Физическое воспитание (Старший преподаватель), 1;0009-0003-9140-0770;
314;Петергова Ангелина Васильевна;Менеджмент (Доцент, к.н.), 0.75;;AAG-9001-2020
315;Петракова Екатерина Алексеевна;Техническая механика и компьютерное моделирование (Доцент, к.н.), 0.5;57209776211;AAY-2317-2020
316;Петров Александр Николаевич;Обработка материалов давлением и аддитивные технологии (Профессор, д.н.), 0.5;56902165300;AAO-7974-2020
317;Петров Владимир Кириллович;Техническая механика и компьютерное моделирование (Доцент, к.н.), 1;57194715118;AAF-6076-2021
318;Петров Михаил Александрович;Обработка материалов давлением и аддитивные технологии (Доцент, к.н.), 1;8980725400;C-5204-2014
319;Петров Павел Александрович;Обработка материалов давлением и аддитивные технологии (Доцент, к.н.), 0.5;7202664146;A-8443-2011
320;Петрунина Елена Валерьевна;СМАРТ-технологии (Заведующий кафедрой, к.н.), 1;57205163107;AFT-4369-2022
321;Петухов Сергей Леонидович;Технологии и оборудование машиностроения (Доцент, к.н.), 0.4;56976749500;
322;Пикалов Евгений Викторович;Автоматика и управление (Старший преподаватель), 1;57224573984;
323;Пиков Виталий Александрович;Информационная безопасность (Старший преподаватель), 0.5;58115636800;JGD-8908-2023
324;Пикулин Юрий Георгиевич;Процессы и аппараты химической технологии (Доцент, к.н.), 0.5;6508077496;AAH-2283-2020
325;Пирогова Ольга Владимировна;Процессы и аппараты химической технологии (Доцент, к.н.), 1;8867089600;B-9586-2017
326;Пирожков Виталий Анатольевич;Динамика, прочность машин и сопротивление материалов (Доцент, к.н.), 0.5;12787335600;
327;Пителинский Кирилл Владимирович;Информационная безопасность (Доцент, к.н.), 1;57216807744;AAH-5922-2020
328;Питрюк Анастасия Валерьевна;Экологическая безопасность технических систем (Доцент, к.н.), 1;9038292900;C-9873-2019
329;Плешаков Александр Александрович;Физическое воспитание (Заведующий кафедрой, к.н.), 1;57204951466;
330;Плоткин Александр Сергеевич;Информационная безопасность (Преподаватель), 0.5;;HSG-4148-2023
331;Плужникова Наталья Николаевна;Гуманитарные дисциплины (Доцент, к.н.), 1;56073390700;ADK-0723-2022
332;Подобаев Александр Николаевич;ХимБиотех (Профессор, д.н.), 0.25;55946786800;
333;Поздняков Максим Владимирович;Гуманитарные дисциплины (Доцент, к.н.), 1;;GLS-3369-2022
334;Полевой Георгий Георгиевич;Физическое воспитание (Доцент, к.н.), 0.5;57204190389;M-2155-2016
335;Полякова Надежда Сергеевна;;58405302300;B-9587-2017
336;Полякова Татьяна Владимировна;Иностранные языки (Доцент, к.н.), 1;57221205618;AFR-9130-2022
337;Прояненкова Лидия Алексеевна;Инфокогнитивные технологии (Профессор, д.н.), 0.5;нет;нет
338;Пулькова Наталья Владимировна;Инфокогнитивные технологии (Доцент, к.н.), 0.25;55326788400;E-3123-2014
339;Пуляев Иван Сергеевич;Промышленное и гражданское строительство (Заведующий кафедрой, к.н.), 1;57205217324;HME-0028-2023
340;Пухова Екатерина Александровна;Инфокогнитивные технологии (Заведующий кафедрой, к.н.), 1;57221206218;M-9340-2015
341;Пшехотская Екатерина Александровна;Инфокогнитивные технологии (Доцент, к.н.), 0.25;57201730348;GQY-4910-2022
342;Пшонкин Данила Евгеньевич;Динамика, прочность машин и сопротивление материалов (Старший преподаватель, к.н.), 0.5;57192077199;AAZ-6685-2021
343;Раджабов Закир Рамазанович;Математика (Старший преподаватель), 1;57219179791;A-7128-2015
344;Радионов Андрей Александрович;Автоматика и управление (Заведующий кафедрой, д.н.), 1;6701841785;AHE-1652-2022
345;Радионова Людмила Владимировна;Металлургия (Доцент, к.н.), 0.5;57170512000;К-2444-2015
346;Распопова Светлана Сергеевна;Журналистика и массовые коммуникации имени М.Ф. Ненашева (Профессор, д.н.), 1;;AAY-4493-2020
347;Рачков Михаил Юрьевич;Автоматика и управление (Профессор, д.н.), 0.5;6602166808;J-3916-2013
348;Рекус Ирина Григорьевна;Инновационные материалы принтмедиаиндустрии (Доцент, к.н.), 1;57222240864;M-5906-2015
349;Речинский Владислав Алексеевич;Инфокогнитивные технологии (Ассистент), 1;58194305300;
350;Рогожкин Василий Алексеевич;Гуманитарные дисциплины (Доцент, к.н.), 0.75;57304149700;ABE-7832-2021
351;Розгачева Ирина Кирилловна;Математика (Доцент, к.н.), 0.5;6507748519;ABH-1343-2021
352;Рудяк Юрий Владимирович;Информатика и информационные технологии (Профессор, д.н.), 1;57193952444;B-1082-2016
353;Рыбакова Маргарита Рушановна;Динамика, прочность машин и сопротивление материалов (Доцент), 1;57197773520;AAF-3546-2020
354;Рытиков Георгий Олегович;Инновационные материалы принтмедиаиндустрии (Заведующий кафедрой, к.н.), 1;6508055625;J-7097-2014
355;Рябчикова Анна Валерьевна;Информатика и информационные технологии (Преподаватель), 1;57397286300;
356;Рязанцева Анна Владимировна;Промышленная теплоэнергетика (Доцент, к.н.), 1;57216811772;AAX-9863-2021
357;Сабадош Павел Александрович;СМАРТ-технологии (Доцент, к.н.), 0.1;57190093464;K-4636-2014
358;Савельев Илья Леонидович;Промышленная теплоэнергетика (Старший преподаватель), 1;57216808760;
359;Савостикова Оксана Геннадиевна;Стандартизация, метрология и сертификация (Старший преподаватель), 1;;AAY-1514-2021
360;Саенко Наталья Ряфиковна;Гуманитарные дисциплины (Профессор, д.н.), 1;57094013500;AAQ-5703-2020
361;Самойленко Ирина Сергеевна;Художественно-техническое оформление печатной продукции (Доцент, к.н.), 1;L-5759-2018;0000-0003-1584-3302
362;Самохин Вячеслав Николаевич;Математика (Профессор, д.н.), 0.5;6701633221;A-9176-2016
363;Сапожников Владимир Борисович;Техника низких температур имени П.Л.Капицы (Профессор, д.н.), 0.1;;AAD-2231-2022
364;Сапрыкин Борис Юрьевич;Обработка материалов давлением и аддитивные технологии (Старший преподаватель), 1;57240308100;AAG-9499-2020
365;Сарбаев Владимир Иванович;Наземные транспортные средства (Профессор, д.н.), 0.5;57192376248;
366;Саушкин Борис Петрович;Технологии и оборудование машиностроения (Профессор, д.н.), 0.1;57213152188;AAG-8600-2020
367;Сафонов Евгений Владимирович;Факультет машиностроения (Декан факультета, к.н.), 1;6602349960;H-1316-2017
368;Сафьянов Владимир Инокентьевич;Гуманитарные дисциплины (Профессор, д.н.), 0.25;57211852902;https://publons.com/publon/52631484/
369;Сбитнев Артем Геннадьевич;Материаловедение (Доцент, к.н.), 0.65;;ХКВ-2633-2023
370;Сборщиков Сергей Борисович;Промышленное и гражданское строительство (Профессор, д.н.), 0.25;57192377091;Q-6433-2017
371;Свиридова Евгения Юрьевна;Экологическая безопасность технических систем (Доцент, к.н.), 0.5;56909932200;
372;Селюков Александр Сергеевич;Математика (Доцент, к.н.), 0.5;55787344500;A-6261-2014
373;Семенова Валерия Валерьевна;Центр проектной деятельности (Доцент, к.н.), 1;;HHZ-0593-2022
374;Семёнкина Ирина Артуровна;Иностранные языки (Доцент, к.н.), 1;57211905448;
375;Сергеева Надежда Владиславовна;Центр проектной деятельности (Доцент, к.н.), 0.5;57220833292;
376;Сидельников Иван Иванович;Центр проектной деятельности (Доцент, к.н.), 0.25;36101840400;
377;Сидоров Игорь Геннадиевич;Прикладная информатика (Доцент, к.н.), 0.5;56721215400;ABC-9611-2020
378;Силин Владимир Сергеевич;Аппаратурное оформление и автоматизация технологических производств имени профессора М.Б. Генералова (Доцент, к.н.), 0.25;10040624400;AAN-9294-2020
379;Скакова Татьяна Юрьевна;Материаловедение (Доцент, к.н.), 0.5;6507053848;AAN-7172-2020
380;Скворцов Аркадий Алексеевич;Динамика, прочность машин и сопротивление материалов (Заведующий кафедрой, д.н.), 1;57203018883;J-7606-2012
381;Скобелев Владимир Васильевич;Физика (Профессор, д.н.), 0.5;7003638943;AAG-9201-2020
382;Скопинцев Игорь Викторович;Процессы и аппараты химической технологии (Профессор, к.н.), 1;6508274783;G-7569-2016
383;Смирнов Сергей Вячеславович;Материаловедение (Доцент, к.н.), 0.2;;HJY-6436-2023
384;Соболь Татьяна Сергеевна;Центр проектной деятельности (Доцент, к.н.), 0.5;57220835593;AAD-7146-2021
385;Соколов Андрей Сергеевич;Факультет химической технологии и биотехнологии (Декан факультета, к.н.), 1;57197324298;AAH-3732-2020
386;Сонин Андрей Анатольевич;Физика (Профессор, д.н.), 0.25;57200863701;AAG-1596-2020
387;Союстова Светлана Игоревна;Физика (Доцент, к.н.), 0.5;37013707800;B-9462-2017
388;Спеваков Александр Геннадьевич;Информационная безопасность (Доцент, к.н.), 0.5;57215597061;GZN-0853-2022
389;Стрекалина Дарья Михайловна;Физика (Заведующий кафедрой, к.н.), 1;56545836100;AAV-1487-2021
390;Стрижеус Валерий Александрович;Центр проектной деятельности (Ассистент), 0.5;57220781734;
391;Строков Павел Игоревич;Центр проектной деятельности (Старший преподаватель), 0.75;8964500300;
392;Стуканова Ирина Петровна;Центр проектной деятельности (Профессор, д.н.), 1;57190857772;AAX-9830-2021
393;Стуканова Софья Сергеевна;Центр проектной деятельности (Профессор, д.н.), 1;57216922902;M-2471-2018
394;Суворов Станислав Вадимович;Прикладная информатика (Заведующий кафедрой, к.н.), 1;57224635836;AFR-6953-2022
395;Султанова Юлия Михайловна;Иностранные языки (Старший преподаватель), 1;"1791012104;57211269602";
396;Суслов Михаил Вадимович;Полиграфические системы (Заведующий кафедрой, к.н.), 1;57224438012;
397;Тамразова Илона Геннадьевна;Иностранные языки (Профессор, д.н.), 1;;18162374
398;Тарасова Ирина Альбертовна;ХимБиотех (Доцент, к.н.), 0.25;57913476500;HZM-0751-2023
399;Татусь Николай Алексеевич;Динамика, прочность машин и сопротивление материалов (Доцент, к.н.), 0.25;12039478400;AAI-2387-2020
400;Темерева Елена Николаевна;Экологическая безопасность технических систем (Заведующий кафедрой, д.н.), 0.5;6602376567;J-2814-2012
401;Темникова Ксения Николаевна;Инфокогнитивные технологии (Доцент, к.н.), 1;0000-0002-9645-7886;0000-0002-9645-7886
402;Тер-Ваганянц Юлия Суреновна;Материаловедение (Доцент, к.н.), 1;57807142900;AAB-8581-2022
403;Теренченко Алексей Станиславович;Энергоустановки для транспорта и малой энергетики (Профессор, к.н.), 0.25;6508188119;B-7182-2014
404;Тимохин Виктор Сергеевич;Промышленная теплоэнергетика (Доцент, к.н.), 1;;AAP-3636-2021
405;Типалин Сергей Александрович;Обработка материалов давлением и аддитивные технологии (Профессор, к.н.), 1;55990152000;AAF-2419-2020
406;Тихомиров Сергей Алексеевич;Промышленное и гражданское строительство (Доцент, к.н.), 0.5;56735946600;
407;Толстиков Антон Витальевич;СМАРТ-технологии (Доцент, к.н.), 1;8925386600;AAO-9036-2020
408;Третьяк Елена Борисовна;Художественно-техническое оформление печатной продукции (Заведующий кафедрой), 1;57222305678;ABE-2905-2020
409;Труб Наталья Васильевна;Математика (Старший преподаватель), 1;57216582504;AAA89502022
410;Трутнев Николай Степанович;Аппаратурное оформление и автоматизация технологических производств имени профессора М.Б. Генералова (Доцент, к.н.), 1;14020923000;AAI-5322-2020
411;Тумин Валерий Максимович;Менеджмент (Профессор, д.н.), 0.75;55887585400;AAQ-3351-2020
412;Угольникова Мария Андреевна;Техника низких температур имени П.Л.Капицы (Доцент, к.н.), 0.75;57188689978;
413;Уразова Светлана Леонидовна;Журналистика и массовые коммуникации имени М.Ф. Ненашева (Профессор, д.н.), 0.2;;B-4016-2017
414;Усанова Ольга Юрьевна;Промышленная теплоэнергетика (Профессор, к.н.), 0.75;6507887721;AAG-8221-2020
415;Устинова Юлия Валерьевна;Промышленное и гражданское строительство (Доцент, к.н.), 1;56966712900;
416;Учеваткина Надежда Владимировна;Материаловедение (Доцент, к.н.), 0.1;57191708245;H-2438-2019
417;Ушков Андрей Николаевич;Автоматика и управление (Преподаватель), 0.2;57564574000;
418;Федоров Андрей Игоревич;Гуманитарные дисциплины (Доцент, к.н.), 0.5;;B-4740-2018
419;Федотов Александр Юрьевич;Материаловедение (Доцент, к.н.), 0.1;37261209500;
420;Филиппов Юлиан Кириллович;Обработка материалов давлением и аддитивные технологии (Профессор, д.н.), 0.25;57195219011;
421;Филиппович Андрей Юрьевич;Инфокогнитивные технологии (Профессор, к.н.), 1;56563149000;M-3427-2019
422;Филиппович Юрий Николаевич;Инфокогнитивные технологии (Профессор, к.н.), 1;56441750400;N-2462-2017
423;Филонов Андрей Игоревич;Наземные транспортные средства (Старший преподаватель), 0.75;56740504500;D-7566-2014
424;Филонова Анна Сергеевна;Реклама и связи с общественностью в медиаиндустрии (Доцент, к.н.), 1;;AAW-2806-2020
425;Фиронов Анатолий Михайлович;Наземные транспортные средства (Доцент, к.н.), 0.5;57212032544;AAP-6855-2021
426;Фокина Мария Сергеевна;Центр проектной деятельности (Доцент, к.н.), 1;36831476400;AAP-8363-2020
427;Фомин Валерий Михайлович;Энергоустановки для транспорта и малой энергетики (Профессор, д.н.), 0.65;7201683000;
428;Фомичёва Лилия Михайловна;Управление персоналом (Доцент, к.н.), 1;57216766005;GMX-5032-2022
429;Хламкова Светлана Сергеевна;Металлургия (Доцент, к.н.), 1;12041842700;AAB-9268-2022
430;Хомякова Наталия Вячеславовна;Техническая механика и компьютерное моделирование (Старший преподаватель), 0.25;57195423882;
431;Хромов Сергей Сергеевич;Русский язык и история литературы (Заведующий кафедрой, д.н.), 1;57205074608;A-6759-2017
432;Худайбердиева Гулшат;Информатика и информационные технологии (Ассистент), 1;58885873200;
433;Хуснутдинова Ляйля Гельсовна;Гуманитарные дисциплины (Доцент, к.н.), 1;56669804100;HNS-1919-2023
434;Ципенюк Дмитрий Юрьевич;Математика (Доцент, к.н.), 0.2;16025872400;E-7571-2015
435;Чвякин Владимир Алексеевич;Реклама и связи с общественностью в медиаиндустрии (Профессор, д.н.), 0.75;57208036539;AAG-9768-2020
436;Чекалова Елена Анатольевна;Технологии и оборудование машиностроения (Профессор, д.н.), 0.5;57195772966;AAH-1759-2020
437;Челышков Павел Дмитриевич;Промышленное и гражданское строительство (Профессор, д.н.), 0.25;55898871900;F-2207-2017
438;Черепанова Ирина Олеговна;Физическое воспитание (Доцент, к.н.), 1;57768344600;JDM-4172-2023
439;Черепахин Александр Александрович;Оборудование и технологии сварочного производства (Доцент, к.н.), 0.7;56345787600;
440;Черная Илона Витальевна;Технологии и управление качеством в полиграфическом и упаковочном производстве (Доцент, к.н.), 0.75;57217257111;AAH-9977-2021
441;Чернов Юрий Игоревич;Физическое воспитание (Доцент, к.н.), 1;58656612500;IQT-5329-2023
442;Чернова Вера Михайловна;Инфокогнитивные технологии (Старший преподаватель), 1;57814065700;ABG-2843-2022
443;Чернявская Варвара;Техника низких температур имени П.Л.Капицы (Ассистент), 0.25;57347478800;
444;Чеховская Оксана Евгеньевна;Гуманитарные дисциплины (Доцент, к.н.), 0.75;57562563200;ADH-3010-2022
445;Чирич Ирина Викторовна;Гуманитарные дисциплины (Доцент, к.н.), 0.5;57348209000;AED-9778-2022
446;Шадрин Сергей Сергеевич;Передовая инженерная школа электротранспорта Московского Политеха (Профессор, д.н.), 0.4;56358686500;J-3048-2014
447;Шадрина Наталья Николаевна;Математика (Доцент, к.н.), 0.5;47061974600;IUB-5051-2023
448;Шарипзянова Гюзель Харрясовна;;36107230000;AAB-9715-2022
449;Шаронов Михаил Александрович;Центр проектной деятельности (Доцент, к.н.), 0.1;57201722423;AAR-6873-2021
450;Шарян Эмма Грачовна;Реклама и связи с общественностью в медиаиндустрии (Доцент, к.н.), 0.25;57212375907;ABY-3669-2022
451;Шаталов Роман Львович;Обработка материалов давлением и аддитивные технологии (Профессор, д.н.), 0.5;6602161141;AFQ-8990-2022
452;Шатров Александр Федорович;Электрооборудование и промышленная электроника (Профессор, к.н.), 0.5;57226010625;
453;Швецов Алексей Владиславович;СМАРТ-технологии (Доцент, к.н.), 0.1;57192396079;R-2057-2019
454;Швецова Светлана Валерьевна;Центр проектной деятельности (Преподаватель), 0.1;57192391644;IQS-6648-2023
455;Шелыгов Александр Владимирович;Центр проектной деятельности (Доцент, к.н.), 1;57213608772;N-7139-2015
456;Шилова Зоя Вениаминовна;Математика (Доцент, к.н.), 0.5;57103529600;G-3073-2017
457;Шишков Александр Николаевич;Электрооборудование и промышленная электроника (Заведующий кафедрой, к.н.), 1;43861781400;A-4517-2014
458;Шкаленко Анна Викторовна;Сектор научной деятельности (Доцент, к.н.), 0.25;56275855600;N-7520-2016
459;Шманин Евгений Владимирович;Физика (Доцент, к.н.), 0.25;57188991751;AAE-4126-2022
460;Шматко Сергей Геннадьевич;Экономика и организация (Доцент, к.н.), 1;57188721666;GXZ-5250-2022
461;Шмелев Федор Юрьевич;Полиграфические системы (Старший преподаватель), 0.5;57224318530;AAD-6700-2022
462;Шпунькин Николай Фомич;Обработка материалов давлением и аддитивные технологии (Профессор, к.н.), 0.75;56208600800;AAF-9769-2020
463;Шульгин Александр Васильевич;Металлургия (Заведующий кафедрой, к.н.), 1;36876363200;N-8358-2015
464;Щегольков Алексей Викторович;Сектор научной деятельности (Доцент, к.н.), 0.25;58248982800;O-7748-2017
465;Щербаков Владимир Иванович;Динамика, прочность машин и сопротивление материалов (Доцент, к.н.), 0.5;55358974600;
466;Щербин Дмитрий Владимирович;Физическое воспитание (Доцент, к.н.), 1;57219902292;AHC-9927-2022
467;Югай Евгений Эдуардович;;1234;123
468;Юдин Сергей Николаевич;Сектор научной деятельности (Доцент, к.н.), 0.25;56323516600;GWZ-4487-2022
469;Юсупов Владимир Сабитович;Обработка материалов давлением и аддитивные технологии (Профессор, д.н.), 0.1;7003420220;E-2761-2014
470;Якутина Светлана Викторовна;Материаловедение (Доцент, к.н.), 0.5;57190488824;H-2486-2019 
