ID,Name
6602545212,"Egorova, Yu. B."
35830494700,"Kononov, S.A."
6603086715,"Davydenko, L.V."
58944806300,"Chelpanov, A.V."
6603931988,"Belova, S.B."
57213835755,"Strizhevskaya, N.O."
8909161800,"Gnevashev, D.A."
6504802796,"Bytsenko, O.A."
57191963488,"Shashlo, Nina"
57204675106,"Kotesova, Anastasia"
57219283753,"Kotesov, Anatoly"
58134477500,"Isaenko, Alexander"
57347978100,"Mizin, Maxim"
57347506000,"Malyshev, Andrey"
57209468691,"Debelov, Vladimir"
56521574300,"Endachev, Denis"
58824249100,"Krasnikova, Irina"
58078395900,"Kulibaba, Irina"
57223104376,"Bogodukhova, Ekaterina"
55961145900,"Britvina, Valentina"
57216807744,"Pitelinskiy, Kirill"
57259632300,"Gavrilyuk, Artyom"
57218163942,"Nurgazina, Gulmira"
57021083300,"Ovchinnikov, V.V."
57226313896,"Parfenovskaya, O.A."
57220004842,"Gubin, A.M."
57204527190,"Mukhanov, S.A."
58784466400,"Mukhanova, A.A."
58825055100,"Morozov, M. Yu"
58694929800,"Aydinova, Angelika"
57200565627,"Skabayeva, Gulmira"
57205634205,"Gunko, Julia"
57192644937,"Tenishchev, Alexander"
56203510400,"Ivashova, Valentina"
35300576200,"Rogachev, S.O."
57194496820,"Zavodov, A.V."
7005017317,"Naumova, E.A."
57255103300,"Chernenok, T.V."
56381648800,"Lukina, E.A."
53165450200,"Zadorozhnyy, M. Yu."
6602161141,"Shatalov, R.L."
57210705090,"Zagoskin, E.E."
57209602449,"Medvedev, V.A."
57192391644,"Shvetsova, Svetlana"
57188991751,"Shmanin, E."
57222733732,"Bobrova, E.O."
6508317825,"Berkov, N.A."
58289378300,"Morozova, T.A."
57209343594,"Makovetsky, M.Y."
57209339230,"Markov, S.N."
57204830703,"Prikhodko, I."
43861781400,"Shishkov, A."
58712335800,"Oleinik, A."
57218105513,"Bolkov, Ya."
58714938100,"Nifontov, S."
57192396079,"Shvetsov, Alexey"
6602135324,"Golik, Vladimir I."
57194206632,"Klyuev, Roman V."
36671592800,"Martyushev, Nikita V."
56509486000,"Kondratiev, Viktor V."
57189990910,"Tynchenko, Vadim S."
56432551500,"Gladkikh, Vitaliy A."
58199007500,"Iushkova, Liudmila V."
57209375522,"Brigida, Vladimir"
58944582900,To Man Khung
6602349960,"Safonov, E.V."
58071717600,"Adylina, A.P."
57094189300,"Ozherelkov, D. Yu."
55935080600,"Pelevin, I.A."
57210846878,"Nalivaiko, A. Yu."
58032117900,"Zotov, B.O."
58010451300,"Fedorenko, L.V."
57206396084,"Gromov, A.A."
57985696100,"Volodina, O.V."
58173684500,"Skvortsov, A.A."
57487163800,"Nikolaev, V.K."
57201582427,"Koshmin, Alexander"
57216150737,"Cherkasov, Stanislav"
57193211734,"Fortuna, Anastasiya"
56532050400,"Gamin, Yury"
23990391200,"Churyumov, Alexander"
58555774600,"Hou, Junbin"
55330123000,"Li, Ding"
58494073000,"Liu, Zejia"
57773047800,"Ji, Zhikang"
58555628600,"Guan, Shoufu"
57210822452,"Li, Chongchao"
22635357500,"Qiao, Xiaoguang"
7006821098,"Golovin, Igor S."
24449606000,"Zheng, Mingyi"
57194275777,"Kolotilin, D.V."
57119771900,"Manzhelii, E.A."
57203742710,"Shchepilov, D.O."
7005177190,"Dedov, A.V."
56498558700,"Danilov, V.F."
7202662388,"Nazarov, V.G."
57202311997,"Chernousova, N.V."
57211516990,"Zakharova, V.A."
57221530083,"Titova, Asya V."
58735322500,"Titova, Grant I."
57209682509,"Kazak, Alexandr V."
57195554161,"Nikitin, Konstantin S."
55782088500,"Marchenkova, Margarita A."
56352413400,"Savelyev, Mikhail S."
57202087173,"Vasilevsky, Pavel N."
57222370374,"Yu. Gerasimenko, Alexander"
23983935000,"Chausov, Denis N."
6506409450,"Kholodkov, Igor V."
7003426537,"Usol'tseva, Nadezhda V."
58094185100,"Yu. Tolbin, Alexander"
57211967262,"Azizyan, I.A."
58888266400,"Mironova, E.I."
6506338514,"Guzenkova, A.S."
36833294200,"Artamonova, I.V."
6602359189,"Guzenkov, S.A."
57197019875,"Ivanov, S.S."
56512224300,"Gasiyarov, Vadim R."
6701841785,"Radionov, Andrey A."
57188845447,"Loginov, Boris M."
57219574005,"Zinchenko, Mark A."
56825999500,"Gasiyarova, Olga A."
6508261674,"Karandaev, Alexander S."
55772478200,"Khramshin, Vadim R."
34875371800,"Lisienkova, Liubov"
57222240864,"Rekus, Irina"
57203552573,"Nosova, Lyudmila"
7003537835,"Puzach, Sergey"
57194724269,"Abashev, D.R."
56338499900,"Bondar, V.S."
58953053000,"Dikovitskyi, P.O."
58952887600,"Morozov, S.V."
58914081500,"Larionova, O.E."
7006115841,"Nikulin, S.A."
57214013120,"Belov, V.A."
57204283937,"Shplis, N.V."
57195439420,"Zadorozhnyi, M. Yu."
57202457583,"Toporovsky, Vladimir"
6701723254,"Samarkin, Vadim"
7004918935,"Kudryashov, Alexis"
56352323900,"Galaktionov, Ilya"
55404949900,"Panich, Alexander"
57200327400,"Malykhin, Anatoliy"
57192376248,"Sarbaev, V.I."
58568219100,"Tziovannis, S."
58695893200,"Grishin, A.S."
58782281400,"Pereverzeva, T.A."
55790729800,"Shapauov, Alibi"
57205055901,"Kabyken, Magzhan"
57196247650,"Kozachek, Artemiy"
58823750500,"Tikhonova, Inna"
57852555000,"Kolganov, Sergei"
55699822500,"Kortunov, Vadim"
55996333600,"Bogatyreva, Svetlana"
57202905965,"Livson, Maya"
58687910000,"Khodjaliev, Saleh"
36941149900,"Prosvirnin, Dmitriy V."
57205129802,"Pivovarchik, Svetlana V."
55628923600,"Khatkevich, Vladimir M."
57200192727,"Mitrofanova, Irina"
57429062900,"Alaameri, Karrar J."
57201252339,"Ramadhan, Ali J."
56511556300,"Maklakov, Alexander S."
56919738300,"Bosikov, I.I."
57201777428,"Revazov, V.Ch."
57219145001,"Mamaeva, Ekaterina A."
56121443000,"Markov, Roman V."
57103529600,"Shilova, Zoia V."
57218269483,"Zabelina, Svetlana B."
57218166154,"Klimov, Alexander V."
57206477352,"Ospanbekov, Baurzhan K."
57189699452,"Keller, Andrey V."
56358686500,"Shadrin, Sergey S."
57436977200,"Makarova, Daria A."
57734409100,"Furletov, Yury M."
57204190389,"Polevoy, Georgiy"
57226312736,"Zorichev, A.V."
58944807500,"Pashchenko, G.T."
16231361600,"Samoilenko, V.M."
57226317773,"Golovneva, T.I."
58210111300,"Guo, Huifen"
55511296200,"Moskovskikh, Dmitry"
56323516600,"Yudin, Sergey"
57206928704,"Cheng, Zanlin"
58614465600,"Zou, Weiheng"
57205224775,"Volodko, Sergey"
7405490089,"Zhang, Chengyu"
56159911000,"Alsamhi, Saeed Hamood"
56817023200,"Hawbani, Ammar"
55877297263,"Kumar, Santosh"
57190893959,"Zhao, Liang"
57218769441,"Logachev, Maxim"
58566084900,"Korotun, Olga"
57219360508,"Martynushkin, Alexey"
57934024300,"Lozovaya, Oksana"
57216908688,"Morozova, Natalia"
57934556600,"Polyakov, Mikhail"
56921382900,"Pavlov, A.P."
37003718700,"Natalenko, V.S."
7003894968,"Latypov, R.A."
56447118400,"Grafkina, Marina"
9038292900,"Pitryuk, Anastasiya"
58819726600,"van Haaske, Lejonis Aanris"
57214693960,"Lozitskaya, A.V."
6603924314,"Kondratov, A.P."
57191571572,"Shevchenko, Evgeny"
56583784500,"Nazarenko, Anton"
57189305227,"Mukhoryanova, Oksana"
57191260931,"Svistunova, Inna"
55976317200,"Ageeva, E.V."
57191287566,"Latypova, G.R."
57999734700,"Korolev, M.S."
57131327900,"Chernov, V.V."
58502988400,"Galuza, O.A."
58926525000,"Kovina, N.E."
58926956900,"Korotkov, N.A."
57181174800,"El-Registan, G.I."
58769312300,"Nikolaev, Yu. A."
57673090900,"Daibagya, D.S."
57672815700,"Zakharchuk, I.A."
57439684100,"Osadchenko, A.V."
55787344500,"Selyukov, A.S."
12789274600,"Ambrozevich, S.A."
6602579839,"Skorikov, M.L."
6701503991,"Vasiliev, R.B."
58027170800,"Iakimova, Tamara M."
58077483400,"Bubley, Anna A."
57445886600,"Boychenko, Olga P."
57195202652,"Guk, Dmitry A."
57208259228,"Vaneev, Alexander N."
7006445278,"Prusov, Andrey N."
35975941000,"Erofeev, Alexander S."
12800599100,"Gorelkin, Petr V."
55992117300,"Krasnovskaya, Olga O."
35579859900,"Klyachko, Natalia L."
58836262600,"Vlasova, Kseniia Yu"
57417908600,"Akmatova, Amanai"
56530857900,"Niyazbekova, Shakizada"
58695362300,"Karabaeva, Kanzada"
58696115800,"Osmonova, Aigul"
57406511700,"Krasnova, E.V."
58944982400,"Morgunov, Yu. A."
6602088160,"Saushkin, B.P."
57195423882,"Khomyakova, N.V."
56708069200,"Katz, D.B."
58680545800,"Shishkov, N.G."
58680686000,"Chulikova, Zh. E."
56073390700,"Pluzhnikova, Natalya N."
6602070217,"Mozerov, M.G."
35566527000,"Karnaukhov, V.N."
7003270592,"Kober, V.I."
57393600500,"Zimina, L.V."
58706475900,"Grunenkov, Evgenii"
57222580705,"Malysheva, Ekaterina"
57488384300,"Nikitina, Oksana"
57211471497,"Chaplygina, Marina"
57214141595,"Dolgopolova, Natalya"
57216766005,"Fomicheva, Liliya"
56615424400,"Kolesov, Dmitry"
58776299400,"Astakhova, Anna"
58756659900,"Galdobina, Maria"
55846155100,"Moskovtsev, Alexey"
57201570482,"Kubatiev, Aslan"
7003813523,"Sokolovskaya, Alisa"
6503893271,"Ukrainskiy, Leonid"
7102189628,"Morozov, Sergey"
58782718900,"Kozhevnikova, O.V."
58034858600,"Mamaev, Alexey"
57431511400,"Balabin, Alexander"
56513943600,"Karelina, Maria"
58822650400,"Bachurin, Dmitry"
58823895700,"Romanova, Olga"
58825139300,"Komarova, Lyudmila"
58710036700,"Rodionova, Svetlana"
58452564100,"Borisova, E.V."
58672796200,"Zavatsky, Alexander M."
16025872400,"Tsipenyuk, D Yu"
58705043600,"Slobodyanin, V.P."
57200555835,"Voropinov, A.V."
58704816100,"Chikin, F.K."
57224628186,"Nikolaev, Alexander A."
57231845100,"Vereshchagin, Vladislav Y."
7003659885,"Volinsky, Alex A."
57866408900,"Ershov, D.S."
58750414600,"Malakhov, A.V."
56520368800,"Talalai, A.V."
57192376351,"Khayrullin, R.Z."
57204940981,"Kurbanov, Salman"
58486783200,"Meshchangina, Elena"
57221000017,"Stefanova, Natalya"
57217088992,"Karpenko, N.N."
57220781734,"Strizheus, V.A."
57198280877,"Nazarov, V.I."
26029517500,"Retivov, V.M."
8226460200,"Makarenkov, D.A."
57804728300,"Aflyatunova, G.R."
16555442800,"Kuznetsova, N.A."
57209216835,"Popov, A.P."
57219245095,"Kokorina, Yulia G."
57204956476,"Chernov, Vladislav A."
57196262691,"Vagabov, Makhach M."
58819597200,"Moroz, Narkiza A."
58754471500,"Gelmiyarova, V.N."
58087416000,"Agostinho, A.C."
57184412300,"Mitsik, Mikhail F."
57192316603,"Aleksakhina, Yulia V."
56682888300,"Alenina, Elena E."
58292942000,"Ruban-Lazareva, Natalia V."
57206723141,"Kruzhkova, Galina V."
57219836735,"Kondratyeva, Olga A."
57197817866,"Trushina, Ekaterina V."
57209464062,"Skryabin, Oleg O."
57220743424,"Khayrutdinov, Marat M."
57191708245,"Uchevatkina, N.V."
56045416600,"Kurbatova, I.A."
57190488824,"Yakutina, S.V."
57213140855,"Solov’ev, I.S."
58713634700,"Osintcev, K."
58713634800,"Kilin, A."
57191252947,"Belikova, Irina"
56658682800,"Kurennaya, Victoria"
56584648700,"Chernobay, Natalya"
57189029624,"Narozhnaya, Galina"
57188723534,"Kapustina, Elena"
58823388500,"Krylova, Leliya"
35772946400,"Rintaningrum, Ratna"
55971343600,"Kavgić, Aleksandar"
57221393531,"Garaeva, Marina"
57200564812,"Shcherbatykh, Lyudmila"
57188760997,"Kosov, Mikhail"
56041233500,"Morán, Próspero"
55571941200,"Saddhono, Kundharu"
57192664395,"Shalina, Olga"
57219183082,"Vatutina, Larisa"
57219432070,"Dudnik, Olesya"
58204695700,"Boychuk, Igor P."
35075909300,"Grinek, Anna V."
10239844500,"Malozyomov, Boris V."
56063508500,"Kukartsev, Viktor A."
57209807779,"Tynchenko, Yadviga A."
58781803400,"Kondratiev, Sergey I."
57214988301,"Nurjamin, Asep"
57201734932,"Salazar-Espinoza, David-Eli"
57094013500,"Saenko, Natalya"
58406045700,"Bina, Elia"
58944751900,"Kutepova, L.V."
6507345619,"Volgina, N.I."
12041842700,"Khlamkova, S.S."
56376049800,"Koryachko, Marina"
57209455294,"Sklemina, Olga"
57197773520,"Rybakova, Margarita"
57200146944,"Bryakin, Ivan V."
6603473292,"Bochkarev, Igor V."
57211275331,"Alimov, Ivan"
57224698590,"Guryanov, Alexander"
23399053700,"Zhevnenko, Sergey"
6507001888,"Korotitsky, Andrey"
57190189811,"Sidnov, Kirill"
55648730600,"Roslyakov, Sergey"
6504169456,"Balabina, Tatiana"
58402502600,"Dzhancharov, Turmushbek"
56835636900,"Rozanova, Tatiana"
57324415200,"Pasternak, Svetlana"
57205199789,"Dmitrieva, Olga"
57221331639,"Romanova, Anastasia"
57194226392,"Lebedev, Konstantin"
58693006900,"Alsobkh, M."
7006178236,"Belov, Nikolay"
55809950100,"Akopyan, Torgom"
57211963905,"Tsydenov, Kirill"
57201442748,"Letyagin, Nikolay"
6508192345,"Gokhberg, Leonid"
22734005700,"Fursov, Konstantin"
55903466600,"Roud, Vitaliy"
35549954300,"Andreev, S.N."
6603471102,"Matafonov, A.P."
8358179200,"Tarakanov, V.P."
7103343465,"Belyaev, V.S."
24344013600,"Kedrov, A. Yu."
7007184085,"Krainov, V.P."
57191573539,"Lobanov, A.V."
56160919400,"Belyaev, V.P."
6507043152,"Varepo, L.G."
6603681897,"Belyaev, P.S."
57188666497,"Nagornova, I.V."
57222337820,"Pavlinov, V.V."
57191171351,"Gorlacheva, Evgeniya Nikolaevna"
58696264800,"Tikhomirova, Tatyana Vladimirovna"
6701383366,"Sister, Vladimir Grigoryevich"
57198856433,"Kumar, Kanak"
36744644500,"Rajput, Navin Singh"
57221124852,"Saif, Abdu"
55920179800,"Sahal, Radhya"
57190855058,"Nikishina, Irina"
57195923324,"Karyagina, Tatiana"
58566326400,"Mironov, Pavel"
58565472500,"Churin, Vladimir"
57204472832,"Savvotin, Ivan"
15055174400,"Berdonosova, Elena"
57217729564,"Korol, Artem"
36171258900,"Zadorozhnyy, Vladislav"
58555346400,"Statnik, Evgeniy"
7004006328,"Korsunsky, Alexander"
6603623564,"Serov, Mikhail"
7004623223,"Klyamkin, Semen"
57203091767,"Doronin, Fedor"
58626131300,"Rudakova, Anna"
6508055625,"Rytikov, Georgy"
58728370700,"Ziganshin, A.G."
6505619873,"Fardiev, I. Sh."
58729166400,"Stepanov, I.N."
57202615496,"Mikheev, G.M."
58728370800,"Chepaykin, V.L."
58726772400,"Kadeev, N.P."
6506820491,"Erdakov, Ivan N."
56225727500,"Konyukhov, Vladimir"
58694146700,"Semenov, Alexander"
57194839377,"Mottaeva, Asiiat"
57299097100,"Leshchenko, T.A."
57193013629,"Doroshenko, Vitali"
57191432431,"Shurkin, Pavel"
7005343651,"Sviridova, Tatyana"
58124433200,"Shkaley, Ivan"
56070743500,"Gorlova, Olga"
58565463600,"Laiyk, Aidana"
58565126200,"Sakatai, Asel"
57193085375,"Stativa, Ekaterina"
57222325713,"Denikin, Anatoly"
57212243677,"Denikina, Zoya"
57830492700,"Morgoeva, Angelika D."
57204639532,"Gavrina, Oksana A."
57214114134,"Morgoev, Irbek D."
55382219100,"Matsukevich, Iryna"
57221724332,"Kulinich, Natallia"
56557047200,"Kulbitskaya, Ludmila"
7202572156,"Kuznetsova, Tatyana"
56205822600,"Popkov, Vadim"
57214228458,"Chebanenko, Maria"
56105073800,"Kuskov, Kirill"
57212142381,"Romanovski, Valentin"
58078588500,"Altunina, Yulia"
58566326100,"Boikova, Galina"
57225267019,"Garmash, Y.V."
57192376957,"Blinnikova, L.G."
55975639300,"Ageev, E.V."
57913055800,"Podanov, V.O."
58692978000,"Silenskii, M.I."
57191708269,"Sbitnev, A.G."
57735494800,"Polyakov, D.A."
57550236900,"Tran, V.Q."
57278822700,"Pham, V.H."
56300627600,"Voitovich, Elena V."
56281057500,"Kononenko, Roman V."
56769690400,"Konyukhov, Vladimir Yu."
57226005271,"Khanbalaeva, Sabina N."
57249858000,"Abdullayev, Utkir I."
57191628867,"Ponomarev, S.G."
56600221500,"Reznichenko, A.V."
58911027600,"Kormilitsyn, M.N."
57219230569,"Kornyushin, M.V."
58186327700,"Ershov, Aleksandr"
6506319167,"Maryushin, Leonid"
57212311063,"Kuskarbekova, Sulpan"
58185495600,"Bekhterev, Dmitriy"
58185832800,"Zulkarnaev, Danil"
6506655231,"Eremeeva, Zh. V."
57807142900,"Ter-Vaganyants, Yu. S."
36107230000,"Sharipzyanova, G. Kh."
57208821947,"Korznikov, O.V."
57709080800,"Iqbal, Asad"
57217570952,"Zubair, Muhammad"
57203167713,"Khan, Muhammad Asghar"
57204077807,"Ullah, Insaf"
56301107800,"Ur-Rehman, Ghani"
6603030480,"Noor, Fazal"
57463983800,"Terekhin, Egor A."
7004431355,"Tereshina, Irina S."
36918372200,"Karpenkov, Dmitry Yu."
58017032300,"Bochkanov, Fedor Yu."
57193027226,"Chernyshikhin, Stanislav V."
6701688031,"Lagutkin, M.G."
57446116700,"Shulyak, A.N."
7005552794,"Baranova, E. Yu."
16316425800,"Karpov, E.V."
56096127500,"Larichkin, A. Yu."
10045933500,"Goverdovskiy, V.N."
57205456014,"Brovkina, Yu. I."
57211213644,"Prokhorov, A.N."
57202283852,"Kukartsev, Vladislav V."
57189716281,"Karlina, Antonina I."
57193429937,"Sedegov, Alexey"
57210727458,"Suvorova, Veronika"
57489276300,"Danilova-Tretiak, Svetlana"
57192008020,"Vorotilo, Stepan"
55626460500,"Nepapushev, Andrey"
56245219000,"Khort, Alexander"
55663999800,"Ryzhii, V."
57202120705,"Tang, C."
35453439600,"Otsuji, T."
56265673200,"Ryzhii, M."
6602636763,"Kalenkov, S.G."
7102790880,"Mitin, V."
57217761180,"Shur, M.S."
57498559900,"Kononova, I.S."
58618261000,"Galishnikov, A.A."
57193873766,"Skvortsov, Pavel A."
58118667700,"Volkov, Evgeniy I."
58696256900,"Fedorova, D.K."
7801675208,"Telekh, V.D."
58696006500,"Nosov, C.V."
57212211859,"Gizzatullin, A.R."
58696753900,"Shipilov, M.P."
57865792000,"Grigoriev, Sergey"
57208698352,"Vereschaka, Alexey"
54953308600,"Milovich, Filipp"
36919217300,"Sitnikov, Nikolay"
57186575300,"Bublikov, Jury"
56988998900,"Seleznev, Anton"
36545351000,"Sotova, Catherine"
57188716588,"Podkolzina, Irina"
56022903500,"Gornostaeva, Zhanna"
57765678700,"Tekeeva, Halimat"
57226384065,"Tandelova, Oksana"
57195518358,"Sandulyak, Anna"
36771249600,"Ershova, Vera"
36621369400,"Sandulyak, Darya"
36621096600,"Polismakova, Maria"
57194504434,"Sandulyak, Alexander"
57214824963,"Kurmysheva, Alexandra"
24490882800,"Makhiboroda, Maxim"
56225175400,"Nikolaev, Aleksandr A."
57196036327,"Lisovskaya, Tatyana A."
57170512000,"Radionova, Liudmila V."
57205454802,"Perevozchikov, Danil V."
57751477100,"Makoveckii, Aleksandr N."
56996907900,"Eremin, Victor N."
57751216400,"Akhmedyanov, Alexander M."
6602314403,"Rushchits, Sergey V."
24174575300,"Krasnikov, Alexander"
58566156000,"Rebus, Natalia"
57194456847,"Grabovyy, Kirill"
58565977400,"Tolkacheva, Elizaveta"
58565801600,"Shibaev, Semyon"
57814065700,"Chernova, Vera"
57197816804,"Butyrin, Andrey"
57327314600,"Sheldakova, Julia"
56647558000,"Nikitin, Alexander"
57285765700,"Chernyshev, Aleksey D."
57202324381,"Kostenko, Mikhail Y."
56747986200,"Murog, Igor A."
57217149554,"Antonenko, Nadezhda A."
57224348571,"Posalina, Anastasiya E."
15769076600,"Ashkinazi, Evgeny E."
56348262500,"Fedorov, Sergey V."
57189246152,"Martyanov, Artem K."
54387527700,"Sedov, Vadim S."
8388626500,"Popovich, Alexey F."
7003875502,"Bolshakov, Andrey P."
35093396900,"Sovyk, Dmitry N."
55948797200,"Ryzhkov, Stanislav G."
57206329850,"Khomich, Andrey A."
6508216367,"Zavedeev, Evgeny V."
57197491184,"Litvinov, Artem P."
7003373389,"Yurov, Vladimir Y."
55395206900,"Konov, Vitaly I."
58266141300,"Kandrashina, Maria"
57226784037,"Arsentev, Dmitry"
56609997000,"Vinokur, Aleksey"
58078903200,"Kolodochkin, Alexey"
57226770520,"Arzamazov, Ivan"
58265843400,"Kozhukhov, Daniil"
7005977675,"Golovko, V.A."
57189241306,"Morgunov, Yu. A."
6504517286,"Tabachkova, N. Yu."
57214884306,"Ten, D.V."
37014949700,"Sundeev, R.V."
57195298099,"Ivanov, S.Yu."
58691842000,"Ivanova, D.V."
57208036539,"Chvyakin, V.A."
57205532868,"Sokorev, Alexander A."
6507783845,"Mansurov, Yulbarskhon N."
57222472701,"Shmatkov, Yury"
58185998800,"Karimov, Ildar"
7006758479,"Balagurov, Anatoly M."
57193142609,"Samoylova, Nataliya Yu."
57186665500,"Sumnikov, Sergey V."
56268988800,"Palacheva, Valeria V."
26537006600,"Blinov, Aleksandr"
58565977500,"Dyakonova, Irina"
58565634400,"Simonov, Vladimir"
55058558900,"Agarkov, Dmitrii"
6506327381,"Borik, Mikhail"
58289879900,"Komarov, Boris"
57226479125,"Korableva, Galina"
23011821300,"Kulebyakin, Alexey"
24376601200,"Kuritsyna, Irina"
6604096034,"Lomonova, Elena"
6603324223,"Myzina, Valentina"
57219931219,"Liubimov, Ivan V."
15046260100,"Yachikov, Igor M."
56711989500,"Abdulveleev, Ildar R."
57170708500,"Khramshina, Ekaterina A."
6701358550,"Istomina, T.V."
57210929355,"Spirkin, A.N."
57205170620,"Beloglazov, A.A."
57219325849,"Kolmogorov, Vasilii"
9844455500,"Gorbacheva, Lyubov"
7003553167,"Korchev, Yuri"
57202496871,"Cherepukhin, Timofey"
57214667035,"Chvalun, Roza"
36504555400,"Mikhaylovskaya, A.V."
7202664146,"Petrov, P.A."
58222818700,"Liu, Huafeng"
58222059900,"Liu, Qine"
57222962195,"Rao, Chaoping"
57194046843,"Wang, Fei"
55569375400,"Alsokhiry, Fahad"
36084694000,"Mohamed, Mohamed A."
57193554043,"Korkina, Elena V."
6505871559,"Gorbarenko, Ekaterina V."
57218421869,"Tyulenev, Matvey D."
55876521500,"Kozhukhova, Natalia I."
57190493637,"Luk’yanenko, E.V."
54421329200,"Ven-Tsen, Khu"
57210978230,"Iztaev, Zh."
56682845600,"Makhanova, Z."
57189889048,"Trapeznikova, O.V."
57767994500,"Fam, V.N."
57201596234,"Burlakov, I.A."
57378015200,"Nguyen, Khanh Toan"
6505924693,"Selkin, V.P."
7003447061,"Kopylov, S.V."
58553418400,"Buzaeva, Ekaterina"
57207108374,"Larina, Nataliya"
7801669853,"Kyashkin, Vladimir"
7801596045,"Ryabochkina, Polina"
57224672476,"Zakharov, Denis"
57936716500,"Balovnev, N.P."
58383717300,"Starikov, A.I."
57189523329,"Gayduk, Vladimir"
58860992900,"Kovalchuk, Maksim"
58777479600,"Кhaliapin, Aleksei"
55858889200,"Goridko, Nina"
57863306500,"Semenova, Valeriia"
7005446476,"Aksenov, A.A."
57196151145,"Shcherbakova, O.O."
58285449500,"Finogeev, A.S."
58352781500,"Kozukhov, Vladimir"
58860753600,"Muyang, Gao"
56088643300,"Sekerin, Vladimir"
57217237593,"Efremov, Andrey"
57851413800,"Gorokhova, Anna"
57221665548,"Sabirova, L.B."
57189069778,"Mambetalieva, A.R."
57210311769,"Karlina, Yu. I."
56111981800,"Spierings, A.B."
57222257407,"Kneubühler, F."
16476265000,"Eremin, S.A."
7103001003,"Petrov, E.A."
16246992400,"Wegener, K."
57203958756,"Alhakami, Hosam"
56004873500,"Alhakami, Wajdi"
58637641400,"Bolgova, A.L."
58637090800,"Shevtsov, A.V."
24536969600,"Arkharova, N.A."
6603436772,"Karimov, D.N."
16029186800,"Makarov, I.S."
6506225279,"Gromovykh, T.I."
57195610497,"Klechkovskaya, V.V."
36660999200,"Perevalova, Elena V."
58071363500,"Zhao, Dawei"
57218847148,"Vdonin, Nikita"
57219968410,"Glebov, Lev"
57223265890,"Guseinov, Kirill"
57215559875,"Myrzashova, Raushan"
57188703565,"Wei, Xi"
57190575742,"Ogorodnikov, Aleksandr"
57386521900,"Demianenko, Mariia"
57004771800,"Malanchev, Konstantin"
57789847100,"Samorodova, Ekaterina"
57788562100,"Sysak, Mikhail"
57790050700,"Shiriaev, Aleksandr"
32667516700,"Derkach, Denis"
57208118316,"Hushchyn, Mikhail"
57221737343,"Golovanov, I. Yu."
57215382498,"Sokolov, A.S."
56235290900,"Baranov, Anton D."
6507633196,"Kayumov, Ilgiz R."
57211515682,"Khammatova, Diana M."
58112488200,"Khasyanov, Ramis Sh."
57190858687,"Tynchenko, Sergei Vasilievich"
57310517000,"Zagorodnii, Nikolay A."
56394064400,"Volkova, Tatyana"
57144579500,"Bezgans, Yuriy"
57219967307,"Bykov, Vitaly"
57235023500,"Gromov, Dmitry V."
57222238138,"Lisovskiy, Roman A."
6603190402,"Gertsyk, S.I."
57192077199,"Pshonkin, Danila E."
58130540900,"Kulakov, Pavel A."
57216156911,"Asaev, A.S."
57205190999,"Frolova, S.V."
58165760200,"Glazunov, M.S."
58166184800,"Svetov, A.D."
57224348561,"Ivanayskiy, A.V."
58641527200,"Demina, Tatiana"
56381432900,"Vysotskaya, Nataliya"
57190660844,"Vilisova, Maria"
24077637200,"Vershinina, T.N."
57170599100,"Varganova, Aleksandra V."
8838619800,"Osintsev, Konstantin"
58165960600,"Bolkov, Yaroslav"
58166172200,"Postyka, Alexey"
58166385600,"Valmuhametov, Danil"
57474778100,"Petropavlovskaya, Victoria"
57219900844,"Kulikov, M.A."
58384168600,"Lukyanov, Alexander"
57936850000,"Dmitrieva, Liudmila"
6602923556,"Tertyshnaya, Yulia Victorovna"
56469660000,"Podzorova, Maria Victorovna"
57190939993,"Varyan, Ivetta Aramovna"
6701504448,"Tcherdyntsev, Victor Victorovich"
26421784000,"Medvedeva, Elena Valerievna"
8980725400,"Petrov, Mikhail A."
58170925400,"Zhivotovskaya, Yuliya V."
56835604800,"Ivkov, Alexey V."
58308162800,"Kovaleva, Viktoriya"
57220009871,"Romanyuk, R.V."
58655420800,"Dsnilenko, N.V."
57217381295,"Golobokov, A.V."
57199931677,"Kuznetsov, V.A."
57394679900,"Smirnov, A.V."
58223221600,"Prokop’ev, A. Yu."
57218375194,"Mohsan, Syed Agha Hassnain"
56028994600,"Li, Yanlong"
57848246800,"Varela-Aldás, José"
56278605900,"Mostafa, Samih M."
58163465900,"Elfikky, Abdelrahman"
56481539700,"Gotovtsev, P.M."
56703363100,"Gorin, K.V."
58477500600,"Sergeeva, Ya. E."
56119610200,"Parunova, Yu. M."
57200728193,"Vishnevskaya, M.V."
57225191097,"Sukhinov, D.V."
58316161000,"Petrova, M.G."
57210281555,"Migalev, A.S."
7004257999,"Pozhidaev, V.M."
57220104254,"Gaeva, T.N."
7003854099,"Vasilov, R.G."
57192837427,"Zyukin, D.A."
57219895412,"Panova, Elena"
57414993500,"Tiumentseva, Elena"
58134286200,"Jumanova, Zulkhumar"
58134084700,"Dustmamatova, Nilufar"
57190407817,"Maistruk, A.V."
58348782000,"Lushpa, E. Yu."
6701806693,"Erofeev, M.N."
57221979886,"Spiryagin, V.V."
57216036708,"Volkov, R.B."
57202282420,"Boyko, Andrey A."
24479551800,"Aydinyan, Sofiya"
54584347000,"Shaysultanov, Dmitry G."
36989814400,"Stepanov, Nikita D."
57200328718,"Nazaretyan, Khachik"
7004433423,"Kharatyan, Suren"
57190862183,"Zakharova, Elena V."
55880175100,"Belov, Dmitry S."
8401667500,"Zaev, Ivan"
57211837868,"Smirnov, Sergey"
58297538000,"Kostukov, Andrey"
58077970000,"Eremeeva, Svetlana V."
56584565300,"Chudnova, Olga"
57192314889,"Kosnikov, Sergey"
58410292600,"Lesnykh, Juliya"
56263314900,"Ponomarenko, Marina"
57219976647,"Zvereva, Ludmila"
35520027700,"Podbolotov, Kirill"
57190168725,"Abedi, Mohammad"
26636586300,"Ostrikov, Kostya (Ken)"
55387888300,"Tikhomirov, S.A."
56198454200,"Kondratev, O.A."
57210927640,"Antipova, K.G."
14831018800,"Bakirov, A.V."
57205705455,"Grigoriev, T.E."
57203091325,"Evdokimov, Andrey"
57193952444,"Rudyak, Yury"
58171680200,"Taranets, Irina"
7003815519,"Markova, Galina"
7801322588,"Kasimtsev, Anatoly"
58157058100,"Permyakova, Darya"
6506932032,"Evstratov, Evgeny"
8899278900,"Cheverikin, Vladimir"
57215918957,"Gromov, Viktor"
57194146509,"Razorenov, Yu. I."
56494635900,"Maslennikov, S.A."
36739749100,"Gladkov, Yu. A."
57195216983,"Gartvig, A.A."
57998388800,"Toan, Nguyen Khanh"
58249755600,"Bublik, Dmitriy A."
57790172800,"Akimova, Aida A."
6602784931,"Murashkina, T.I."
57063046300,"Badeeva, E.A."
16039543300,"Gaivoronskaya, T.V."
57534118500,"Plotnikova, E. Yu."
58191342200,"Parshikova, T.V."
57211853342,"Sapozhnikov, V.B."
57188689978,"Ugolnikova, M.A."
57347478800,"Chernyavskaya, V.V."
6506325654,"Merzlikin, Vladimir"
36156176600,"Parshina, Svetlana"
57216648752,"Dokukina, Anna"
57205629328,"Gavrilova, Oksana"
57220036192,"Kalashova, Anna"
57212375907,"Sharyan, Emma"
58405302300,"Poliakova, Nadezhda"
58408149400,"Chekan, Anna"
57212375935,"Bagdasarova, Elvina"
58336483200,"Gasanovna, M.P."
57981148300,"Kozilova, Lidiya V."
24171940500,"Strateichuk, Diana M."
57212628136,"Polilov, Alexander N."
57188960192,"Savel’ev, Mikhail"
58285292000,"Kokarev, V.N."
57198382559,"Shatrov, A.S."
55946561900,"Tsydenov, A.G."
57214879161,"Musin, A.F."
55898348900,"Petrzhik, M.I."
57460087600,"Astakhova, Alyona"
56990074700,"Grishunin, Sergei"
58632876800,"Pomortsev, Gennadii"
55227336400,"Malamatov, Ahmed"
57208147136,"Parsieva, Larisa"
57213764623,"Sadiq, Muhammad"
57220508299,"Shafiq, Muhammad"
57212406315,"Kongar-Syuryun, Cheynesh B."
57192311966,"Aleksakhin, Alexander V."
57209684303,"Eliseeva, Evgeniya N."
56226228800,"Zhaglovskaya, Anna V."
55900513600,"Petrusevich, Denis A."
58795314600,"Chernova, O.G."
58794356200,"Kalugina, D.S."
58036826500,"Malahov, Alexander"
56328021300,"Levina, Tatyana"
58308175900,"Liu, Yiru"
57521680100,"Ermolaeva, Evgeniya"
56964236600,"Ksenofontova, Tatiana"
57213608772,"Shelygov, Aleksandr"
57190973304,"Borodulin, Dmitry"
57216978006,"Aleshkov, Alexey"
57222361366,"Sotnikova, E.V."
57222359275,"Kalpina, N.Yu."
57191196812,"Pochitalkina, I.A."
58238191700,"Trubachev, N. Yu."
57216147252,"Tatarnikov, Nikolay"
58171897000,"Sushchev, Alexander"
57208134092,"Kiryushin, Ilya"
57212495056,"Kamarou, Maksim"
57218867581,"Chan, Ho Lun"
57214058061,"Wang, Haitao"
56001889100,"Li, Tielong"
57218319630,"Akinwande, Abayomi Adewale"
56743206300,"Khramtsov, D.P."
57223108521,"Sulyagina, O.A."
7003871004,"Pokusaev, B.G."
6507673218,"Vyazmin, A.V."
17434923700,"Nekrasov, D.A."
57219593957,"Pyataeva, Olga"
57194047333,"Anisimov, Alexandr"
56583898100,"Kirillova, Elena"
57982282200,"Otcheskiy, Ivan"
58415303700,"Ivanova, Svetlana"
57778818000,"Verkhovod, Alexander"
57203656677,"Stepanova, Diana"
57606312000,"Karlibaeva, Raya"
55208170100,"Tsoraev, Georgy V."
58113570500,"Bukhanko, Antonina"
55863765500,"Budylin, Gleb S."
23006560000,"Shirshin, Evgeny A."
57194408184,"Slonimskiy, Yury B."
24399948600,"Sluchanko, Nikolai N."
37119035600,"Kloz, Miroslav"
7003324860,"Cherepanov, Dmitry A."
58113706700,"Shakina, Yaroslava V."
9246636100,"Ge, Baosheng"
57189232127,"Moldenhauer, Marcus"
7102459509,"Friedrich, Thomas"
56494394100,"Golub, Maksym"
7005147784,"Pieper, Jörg"
36195061600,"Maksimov, Eugene G."
57232871600,"Rubin, Andrew B."
58171331300,"Ksenofontov, Dmitriy"
58413708800,"Kozyreva, Olga"
58450894300,"Grinyuk, O.N."
58454402000,"Aleksashina, O.V."
55633624800,"Gutarevich, Viktor O."
56071622900,"Korpacheva, Larisa N."
7004322371,"Chashchin, V.V."
6701759064,"Kuklev, A.V."
36876363200,"Shulgin, A.V."
57213526991,"Liskova, M.Yu."
57194698750,"Yakushko, E.V."
14039639800,"Muratov, D.G."
6507428531,"Kozitov, L.V."
57195388208,"Lomov, A.A."
58155823800,"Marinich, S.B."
58221043800,"Nguen, Xuan D."
57204652273,"Shuitcev, A.V."
36731132600,"Khomutov, M.G."
6701720570,"Vasin, R.N."
56115923100,"Li, L."
55444114000,"Zheng, Y.F."
8283500100,"Tong, Y.X."
58303216500,"Soloviev, A.V."
55403181300,"Karlov, S.P."
41762463200,"Shkarin, N. Yu."
7004539570,"Reformatskaya, I.I."
6503980815,"Podobayev, A.N."
7003487170,"Begishev, I.R."
57220036121,"Ascheulova, I.I."
58203931300,"Petrilin, D.A."
6602497693,"Baburin, A.V."
55091069000,"Mouas, M."
57217540634,"Fazel, N."
22971083600,"Gasser, F."
7005523528,"Gasser, J.-G."
58826120100,"Petukhov, Nikolay"
58847600300,"Skachkova, Maria"
58826120200,"Trenev, Nikolay"
57219122760,"Savchenko, Irina A."
6506839592,"Kondrakhin, Vitalii P."
14065416000,"Sorokova, Svetlana N."
36674906500,"Efremenkov, Egor A."
51562685600,"Valuev, Denis V."
58000788300,"Mengxu, Qi"
58124467300,"Bovshik, Pavel A."
57213198802,"Chaudhri, Shiv Nath"
56911934600,"Kogan, E.A."
6507594075,"Vartanov, M.V."
57865997000,"Nguyen, V.L."
58336483100,"Ovchinnikova, A.M."
57225193617,"Romanov, A.O."
56902165300,"Petrov, A.N."
58453006700,"Efimov, V.E."
58453006800,"Valevskii, T.R."
58189077300,"Moe, Naing Zin"
55960115700,"Konyukhova, Galina"
58189759400,"Chernyshova, Vera"
58189759500,"Adao, Agostinho"
57676014100,"Xia, Z.H."
58171122900,"Elesin, Dmitry A."
57213384213,"Smirnov, Aleksey D."
56530861400,"Kholodkova, Anastasia A."
57194141534,"Rybalchenko, Viktor V."
9846878500,"Tarasovskii, Vadim P."
6602696053,"Danilkin, M.I."
56032030200,"Vereschagina, N. Yu."
57209054641,"Vainer, Yu. G."
37102115400,"Kochiev, M.V."
55603953300,"Romet, I."
55883476200,"Mändar, H."
56603686300,"Morozov, A.N."
6506184822,"Repeev, Yu. A."
6602702841,"Spassky, D.A."
55638641600,"Shutov, A.V."
57226231543,"Seleznev, L.V."
55835122900,"Mokrousova, D.V."
56358489500,"Ivanov, A.M."
58686146500,"Davydova, Tatiana T."
57202287744,"Lobkov, K.Y."
58115221600,"Stupina, A.А."
57202392717,"Tynchenko, V.V."
7003535611,"Beketova, Tatiana V."
57883936000,"Nikolskiy, Vladimir S."
58677993600,"Ascheulov, Yuri B."
24077196100,"Semenov, V.V."
38662034700,"Zhdanov, V.I."
58914733100,"Sinyukov, I.A."
57204951466,"Pleshakov, A.A."
57202912367,"Zhemchug, Yu S."
57190184542,"Rodin, A.V."
58781658100,"Faizullin, D.E."
58782750600,"Mitrofanova, E.V."
6507887721,"Usanova, Olga Yu."
57216811772,"Ryazantseva, Anna V."
58951187700,"Sennikova, Olga B."
58952018300,"Korneev, Sergey D."
58892091700,"Orudzhev, Sh.F."
57826598100,"Beketova, Maria F."
7102614711,"Nasonov, Evgeny L."
56112627900,"Krutina, E.V."
55990152000,"Tipalin, S.A."
58891534600,"Kalpin, Yu.G."
58891189100,"Kupriyanova, N.A."
56667733400,"Kochkovskaya, S.S."
57203585136,"Bondarenko, Alexander A."
57215917627,"Minakov, Andrey V."
57093936600,"Ignatyeva, Olga V."
58736039400,"Bondarenko, Dmitry V."
58736430400,"Bashirov, Azat R."
58521972700,"Kolunin, Alexander V."
58848218700,"Lazarev, Evgeny S."
57224319947,"Kaminsky, Valery N."
57035238500,"Korytov, Mikhail S."
58848218800,"Ruzimov, Andrey O."
58291071000,"Makarova, E.V."
58875806100,"Zheleznyakova, M.V."
58875272300,"Cherkasova, E.V."
58875806200,"Shcherbakova, E.E."
58698313400,"Hamood Alsamhi, Saeed"
56439866300,"Krutskikh, V.V."
57564574000,"Ushkov, A.N."
57201737498,"Chernikov, A.I."
57209389002,"Strelkov, N.O."
57563306800,"Mirzoyan, A.E."
55749527900,"Valiev, N.G."
58790098000,"Lebsin, М.S."
58790667800,"Mitsik, М.F."
58738478600,"Klimov, E.M."
9250353300,"Maleev, R.A."
58738067100,"Aleksyuk, M.R."
56227047600,"Kambolov, D.A."
56891667500,"Galachieva, S.V."
57210702839,"Filippov, Yu.K."
58236762700,"Zung, Le Chung"
57170088800,"Voronin, S.S."
58876618500,"Vasyutkin, Alexander O."
57202349640,"Butakova, Natalia G."
57117893200,"Filimonova, A.A."
57434829900,"Silaev, V.I."
57209771887,"Eremeev, D.V."
58189596300,"Martynova, T.A."
57211160463,"Danilchenko, Yu.V."
58806656900,"Arikat, H."
58876666500,"Skorobogatova, Anastasia E."
57191744481,"Utkin, Boris V."
26534239200,"Grachev, Nikolay N."
57441923200,"Artamonov, Dmitriy O."
58346252900,"Utkin, Mikhail V."
56208600800,"Shpunkin, N.F."
57189727822,"Kurilova, Ulyana E."
57191199489,"Chernikov, Anton S."
57191196444,"Kochuev, Dmitry A."
57960273700,"Volkova, Lidiya S."
57203640819,"Voznesenskaya, Anna A."
57200223865,"Chkalov, Ruslan V."
7003492204,"Abramov, Dmitriy V."
57203319118,"Suetina, Irina A."
57219555242,"Mezentseva, Marina V."
36006894500,"Russu, Leonid I."
35320986400,"Gerasimenko, Alexander Yu."
58111347200,"Khorkov, Kirill S."
58737708400,"Gajiyev, K.G."
6505929717,"Putilova, I.V."
57217009489,"Zhileikin, Mikhail M."
58848676400,"Antonyan, Akop V."
58875629100,"Dubatovkin, V.I."
57194466312,"Kosikhin, V.P."
58290113500,"Averyanov, I.V."
58915048600,"Fomin, D.Yu."
58514042800,"Yudintseva, A.I."
6602091512,"Manyakhin, Feodor I."
57208498910,"Varlamov, Dmitry O."
57207932790,"Mokretsova, Ludmila O."
57194154215,"Pivkin, Petr M."
58769234700,"Yazev, Anton M."
6603519003,"Grechishnikov, Vladimir A."
57216036158,"Ershov, Artem A."
57216035959,"Minin, Ilya V."
57204649388,"Zelensky, Alexander A."
55724160400,"Jiang, Xiaohui"
6603445661,"Nadykto, Alexey B."
57218894965,"Fomin, D.Ju."
58925937100,"Popov, Andrey V."
57204212736,"Propp, V.D."
57206661578,"Abramkin, N.I."
57195228981,"Borovkov, Yu.A."
6504744976,"Derevyashkin, I.V."
58313079100,"Merzlyakov, V.G."
58763148500,"Bludov, A.N."
57212018252,"Skvortsova, Anna A."
57291279100,"Chubov, Daniil G."
37014050100,"Zhukova, Yulia S."
22981650200,"Sheveyko, Alexander N."
7004902848,"Solonin, Alexey N."
15839326500,"Kiryukhantsev-Korneev, Philipp V."
57205074608,"Khromov, Sergey S."
58159808500,"Gerasimova, Svetlana V."
58870498700,"Pishulina, Inga A."
57213065273,"Panfilova, T.A."
57204419499,"Bobkova, E.N."
58844018000,"Kondrashenkova, A.V."
58843518900,"Prokhorova, K.V."
58782554400,"Bodnar, M.V."
57223832897,"Belousov, V.B."
57200440566,"Gilev, G.A."
57204949319,"Maksimov, N.E."
58656612500,"Chernov, Yu.I."
57205163107,"Petrunina, Elena"
57210935255,"Bayramov, Elmin"
57205162591,"Pecherskij, Denis"
56051496500,"Mirzagitova, Alsu"
57094022900,"Artemova, Elena"
57210187030,"Fedorov, Alexander"
58859281500,"Panova, Nataliia"
56830495000,"Burdzieva, O.G."
6506664656,"Kuropatov, Viacheslav A."
7005415507,"Pakhomov, Georgy L."
57221963781,"Norkov, Sergey V."
7801557232,"Shurygina, Margarita P."
55664534900,"Cherkasov, Vladimir K."
57188967310,"Khalkechev, R.K."
57188961977,"Khalkechev, K.V."
57297910200,"Levkin, Yu.M."
58860613800,"Kuzmenko, S.Yu."
22635979400,"Tsedilin, A.N."
57205697467,"Cazan, Florin"
54684953400,"Padulo, Johnny"
6603326166,"Ardigò, Luca Paolo"
57221100148,"Tsilenko, Lyubov"
58879783200,"Znamenskaya, Olga"
57212553840,"Vasyukov, Vitalii"
58879626000,"Grunina, Yuliya"
58122524300,"Yanovskaya, Galina"
7004424273,"Drits, A.M."
58685115700,"Reztsov, R.B."
58684800600,"Shumeyko, R.M."
56406380200,"Egorycheva, E.V."
57713432200,"Fedorov, A.V."
57219847407,"Nifontov, M. Yu."
57219844037,"Privalov, A.V."
57226490741,"Mukhamedzyanov, R.R."
57836866900,"Roop, A.A."
7003638943,"Skobelev, V.V."
57188562291,"Korotkova, N.O."
58772970800,"Khabibulina, A.I."
58790179400,"Pecherskiy, Denis K."
57223615513,"Kopylova, Elena V."
58739113200,"Romashov, D.A."
57204027969,"Isakov, V.V."
57170887900,"Kosmatov, V.I."
58743501500,"Tolmachev, G.G."
55509222100,"Sarvarov, A.S."
15074386800,"Odintsov, K.E."
57212504214,"Druzhinin, N.N."
58350046300,"Antonenko, A.S."
56919656400,"Gabaraev, Oleg Z."
58952018500,"Kojiev, Khambi Kh."
56768238400,"Khasheva, Zarema M."
9277812100,"Bokova, E.S."
57208776516,"Statnik, E.S."
56136393300,"Guba, V.P."
58201979800,"Makeev, P.V."
58776598800,"Zherebkin, N.N."
57218871596,"Kuzina, A.V."
57220076826,"Moginov, Rostislav G."
57220075930,"Vorozhtsov, Alexander L."
57214863177,"Kuznetsov, Yuri V."
57208493451,"Flanden, V.S."
56602913500,"Blagodarov, D.A."
57189031683,"Silaev, Ivan V."
57200146259,"Stas, Galina V."
55755728100,"Dudkin, M.M."
58250041100,"Le, V.K."
58248866200,"Eremin, N.A."
57222567534,"Kaygusuz, Cumhur"
56512266300,"Kulmukhametova, A.S."
56497106800,"Sarlybaev, A.A."
55907365600,"Khramshin, R.R."
55644447000,"Mikhailov, K.G."
6602376567,"Temereva, E.N."
55582157900,"Belyayev, Yuriy N."
57203742900,"Sytchenko, A."
57906930500,"Poliakov, M."
6507704777,"Pogozhev, Y."
57192377091,"Sborshikov, Sergei"
57205218160,"Markova, Irina"
58103929100,"Zinoviev, Alexey"
58881095900,"Ahmedova, Raziyat A."
56909932200,"Sviridova, Evgeniya Yurevna"
57216205563,"Goryacheva, Elena Viktorovna"
55830642000,"Zakharov, Nikolay"
57223321642,"Volkova, Elena"
57223112617,"Moshin, Andrey"
57226811670,"Fedyaev, N.A."
57226817144,"Nikitchenko, S.Yu."
57226817850,"Musaev, I.S-Kh."
57209776211,"Petrakova, E.A."
58616614200,"Kuzmin, N.A."
57280254500,"Semitko, Andrey Yu."
57196124687,"Filatov, V.V."
8636066300,"Mishakov, V.Y.U."
58568133100,"Korshik, T.S."
57220060022,"Ksenofontova, K.H.Z."
57220342983,"Gordeeva, T.A."
57189518754,"Dubonosova, E.A."
55968765700,"Alekseev, I.A."
57224635836,"Suvorov, Stanislav"
58398340000,"Myasoedov, Roman"
57200558576,"Beloglazova, Lilia"
58560040900,"Tsapin, Dmitry"
57224632462,"Osipov, Aleksey"
56471764200,"Pleshakova, Ekaterina"
57205436562,"Gataullin, Sergey"
58587004500,"Kozlov, V.V."
57443912800,"Kozlova, O.Yu."
16433089400,"Timoshin, Yuriy N."
6601998898,"Kirsanov, Evgeniy A."
57213822494,"Srivastava, Sumit"
58663883200,"Agarwal, Sweta"
57216311713,"Alammari, Amr A."
56521574200,"Nashwan, Farhan M. A."
58360108300,"Sherudillo, A.S."
36348162800,"Antina, L.A."
7006172207,"Berezin, M.B."
6603668687,"Antina, E.V."
57219177131,"Dianova, Valentina Yu"
57222132006,"Krasilnikova, Varvara G."
57208802961,"Kelina, Kirena G."
8693331900,"Bykov, Artem"
23982900700,"Kuzichkin, Oleg"
56021451100,"Surzhik, Dmitry"
55960772300,"Artamonova, T.V."
58290489100,"Spirina, I.K."
58289921200,"Berezantseva-Nizyaeva, T.V."
57217102853,"Yamilinets, S. Yu."
57713233100,"Sablin, A.B."
58605120700,"Chernyshev, S.V."
57200506510,"Belodedov, A.A."
57196256702,"Versilov, S.O."
58664699400,"Kirsanov, Еvgeniy A."
57202005882,"Chislov, A.S."
58024290900,"Vasilyev, Ilya Yu."
56205878800,"Filimonova, S.I."
57214441203,"Grachev, A.S."
57991021100,"Egorov, D.E."
57219902292,"Shcherbin, D.V."
57190343115,"Kravchenko, O.A."
7006547874,"Borisova, Lyudmila"
58147622200,"Popkov, Sergey"
57219547636,"Kiseleva, Tatyana"
56490924200,"Ponkratov, Vadim"
57208212559,"Volkova, Maria"
55776382200,"Kuznetsov, Nikolay"
56584524800,"Dzusova, Svetlana"
57945550000,"Mazzorana, Florie"
57410049200,"Mineev, Ya. A."
57434917700,"Raspopova, Svetlana"
57226104804,"Simakova, Svetlana"
55830683500,"Popkova, Alena V."
16022618900,"Korovin, Evgeny Yu."
58609234700,"Bakirov, Muslim R."
57916695500,"Ozturk, Mustafa"
58291228200,"Komarova, L. Yu."
58509430600,"Maltсeva, O.V."
6701352095,"Mamardashvili, N.Zh."
57221993414,"Usol’tseva, N.V."
7005147476,"Pankratov, V.A."
58034991200,"Zeynally, Teymur"
57216153901,"Demidov, Dmitry"
57189232000,"Petukhova, O.I."
58616350800,"Van Linh, Nguyen"
57201777149,"Pilieva, Dina E."
58318225700,"Slezko, M. Yu."
58317902500,"Petrova, N.M."
6507561296,"Khetagurov, V.N."
57201130282,"Abdulkadyrov, Arsen S."
58485736500,"Zhigit, Aleksandr A."
57219240982,"Tabanakova, Vera"
57202833658,"Fedyuchenko, Larisa"
15020234900,"Egorov, E.N."
6508049017,"Bylov, B.B."
55489967600,"Mazhitova, Alfira R."
57219174744,"Yuldybaev, Buranbai R."
56669804100,"Khusnutdinova, Lyailya G."
58486208400,"Samsitdinov, Ilfat Z."
58055731500,"Zulkarnaeva, Elena Z."
57219844932,"Nebylova, Ya.G."
58078017800,"Mansurov, Pavel A."
58114567800,"Yashkin, Vyacheslav V."
58102516700,"Kesel, Sergei A."
57202859585,"Boyar-Sozonovitch, Andrey S."
56441750400,"Philippovich, Yuriy N."
7004505884,"Glushchenko, Valery Vladimirovich"
57406938500,"Martishkin, V.V."
58617422400,"Savostikova, O.G."
57866810000,"Yudaev, S.N."
6507236465,"Palaguta, K.A."
58349411400,"Shiryaev, V.A."
57217211166,"Grunenkov, N.V."
58547910700,"Nikolsky, Vladimir S."
57207888477,"Rubin, Yuri B."
56509164400,"Sorokin, Pavel S."
58029898800,"Morozova, Ekaterina V."
57476805800,"Gazieva, Inna A."
57200537969,"Kharina, Olga S."
58547781600,"Lednev, Vladimir A."
57206179198,"Lukashenko, Marianna A."
58547910800,"Viatskaya, Yulia A."
57221196410,"Platonova, Elena D."
58665963500,"Berezin, E."
57224573984,"Pikalov, E."
57215596465,"Matrosova, V.V."
57188648808,"Arkhipov, M.V."
58617964700,"Silyakov, D.V."
58485528900,"Ziulina, Vera V."
57203262508,"Rykhtikova, Natalia A."
57365741500,"Dedegkaeva, Nina T."
58611776700,"Kozhiev, Khambi Kh."
57206668639,"Pavlenko, M.V."
58528862500,"Sinitskaya, E.V."
57429599300,"Florova, I.A."
58115476600,"Adigamov, D.A."
57207359440,"Grechushkina, Nina V."
58345659400,"Arefieva, Elena A."
58536208300,"Rubino, Rubino"
57219085312,"Muda, Iskandar"
58547758100,"Almedee, Ahmed"
57222584333,"Alam, Sohaib"
58480273200,"Ali, Ali Dawod"
58259878600,"Sadikov, Rustam"
57214105642,"Plieva, M.T."
57194444783,"Sysolyatin, Alexey V."
56177689700,"Sozinova, Anastasia A."
56658435600,"Kazakov, Mikhail Yu."
58283871100,"Fomichenko, Sergey A."
58576152800,"Titov, Grant I."
58307596500,"Pina, M.K."
57223101922,"Oskin, Svyatoslav P."
58717985700,"Kuznecov, Alexander V."
36897189300,"Yarovaya, O.V."
55321670500,"Averina, Yu.M."
57226662077,"Magzhanov, R.Kh."
57188931124,"Karetkin, B.A."
56810848900,"Panfilov, V.I."
55480119700,"Boldyrev, V.S."
6603579940,"Kornilov, G.P."
57207347679,"Ivakhnenko, Evgeniy N."
58312683900,"Boykova, I.E."
58314069500,"Tolmachev, A.I."
58485377900,"Spilnichenko, Vladimir K."
57190413370,"Gridchina, Alexandra V."
57221674095,"Avvakumova, Irina V."
57222580870,"Kalistratova, A.A."
58635971300,"Spiridonova, I.A."
58636032700,"Kholzineva, V.O."
58635909400,"Nikitin, D.V."
57223043023,"Vavilov, G.D."
57205377129,"Jing, Tao"
58285974200,"Rybak, Victor"
58287056100,"Kryanev, Yuri"
57194709966,"Shichkin, Igor"
57220927491,"Ivanov, Leonid A."
57220593444,"Sarafanov, A.E."
57209456968,"Faizov, S.R."
58316006700,"Akhmetzadina, Zulfiya R."
57205123594,"Mukhtarullina, Aigul R."
58283710100,"Starodubtseva, Elena A."
58314273900,"Kozlova, Maria N."
57216300784,"Pluzhnikova, Yulia A."
57216862033,"Gorshkova, Elena A."
57219181368,"Antonyuk, Oleg A."
57930391600,"Levina, Natalia О."
58302853300,"Dubinskaia, Maria V."
58303392700,"Uskova, Yuliya A."
57927904400,"Rozanova, Irina V."
57222570168,"Babak, Valeriya V."
7006845228,"Krasnova, Tatiana N."
7006486361,"Kravchenko, Yaroslav V."
57203287847,"Shafazhinskaya, Natalia"
57206696721,"Zharov, Andrey"
56593052400,"Telezhko, Irina"
58617446200,"Martyshkin, V.V."
58617998000,"Chestnyh, A.R."
58617998100,"Klochkov, A. Ya."
57202322445,"Kashirin, D.E."
57218871873,"Sednev, V.A."
57218869919,"Kopnyshev, S.L."
57779842800,"Que, Wu"
6602166808,"Rachkov, M. Yu."
7801441851,"Fuentes-Barría, Héctor"
30867480100,"Aguilera-Eguía, Raúl"
57191251129,"Prodanova, Natalia A."
56049345400,"Ibragimova, Elmira R."
57217179395,"Katanaev, Nikolai T."
57194574519,"Volkova, Natalia A."
57204573510,"Panteleeva, Tatyana A."
58486368300,"Koroleva, Liudmila L."
58486581100,"Boikov, Aleksanr I."
58346318100,"Ryabykh, E.A."
57224371002,"Dzhancharova, Gulnara"
58559657100,"Kosheleva, Anna"
57204499159,"Drobysheva, Nataliya"
57204677604,"Ivannikov, S."
57197728732,"Manaenkov, I."
57197729411,"Krutyakova, M."
57203533337,"Chulkina, Nina L."
57567327300,"Alexandrova, Oksana I."
58193935400,"Novospassskaya, Natalia V."
58194305300,"Rechinsky, Vladislav A."
58102637900,"Krivonogov, Anton Alekseevich"
58209683300,"Iskhakova, Elmira F."
57222431942,"Sukhorukova, Elena V."
58209531500,"Badeeva, Margarita Yu."
57953559300,"Dyakova, Ekaterina V."
35603635300,"Lapshina, Svetlana A."
39161040600,"Abdulganieva, Diana I."
58202411200,"Bolshakov, V.V."
57201356602,"Kim, T.K."
57198802398,"Kuzmenko, G.A."
58202055000,"Korneev, E.V."
6507543227,"Zharnikova, N.V."
7004462990,"Akopova, O.B."
56784360900,"Usoltsev, S.D."
58182648100,"Pigolkina, N.A."
57199371129,"Giricheva, N.I."
7102113923,"Smirnova, A.I."
57216241731,"Kulev, V.A."
26432032600,"Marfin, Yu. S."
58115704700,"Samsonov, Ilya"
55799589900,"Taratonov, Ilya"
57189518687,"Tinkov, Sergey"
57189525070,"Tinkova, Elena"
55984728800,"Babenko, Inna"
57221204078,"Demina, Vera"
57214102678,"Palkin, P.A."
56841357100,"Mukasyan, Alexander"
58045005200,"Melnikov, Sergey A."
58045046100,"Stepanov, Artem D."
36668429900,"Fesik, Elena V."
58044959900,"Mnatsakanyan, Vilen V."
58961328000,"Smirnov, Anton"
6603058433,"Ivakin, Yurii D."
57944946600,"Safiur Rahiman, G."
55556298600,"Muthu, N."
58308099300,"Dixit, Uday S."
57210696195,"Jamil, M."
57211542505,"Abbas, Syed Zamanat"
58033348000,"Al-Salami, Ammar Abdel Amir"
57225100750,"Al-Khafaji, Forqan Ali Hussein"
57217383392,"Ramírez-Coronel, Andrés Alexis"
58115700100,"Makovey, Sergey O."
58114752600,"Domnikov, Alexandr S."
58034059000,"Chernishev, S.V."
57612109000,"Sylka, S.I."
57190882545,"Irkhina, I.V."
56227217600,"Voronkov, A.V."
57227383100,"Griguletskii, Mark"
57207774539,"Shipitko, Oleg"
57207997801,"Abramov, Maxim"
57218940079,"Pristanskiy, Egor"
57219510403,"Kibalov, Vladislav"
56543109000,"Grigoryev, Anton"
58185999000,"Yu Kalpina, N."
57219182834,"Kurbanmagomedov, Arslan"
57983695600,"Radzhabov, Zakir"
57920658500,"Okolnikova, Galina"
43862114100,"Vinnikov, Vladimir"
57201730348,"Pshehotskaya, Ekaterina"
57197973715,"Evdokimov, S.A."
58202477700,"Lagutkin, N.G."
58266006700,"Isii, N."
58089435700,"Ruduak, Yury V"
57204951585,"Sokolov, Pavel"
57969328500,"Aleschenko, Alexander"
57200397359,"Patrin, Pavel"
57866200400,"V. Vartanov, M."
57220084518,"Nguyen, Van Dung"
57202906454,"Biryukov, Vladimir"
58245767100,"Nemtchinova, Elena"
58832129300,"Pavlova, Tatyana"
58246009000,"Kagosyan, Ashot"
56728055600,"Avdeeva, Tatyana"
57225922318,"Svistun, A.S."
6603621623,"Krasin, V."
37013707800,"Soyustova, S."
57199262029,"Ostrovskaya, Olga I."
58175201900,"Golobokova, Galina M."
58175433100,"Chertovskikh, Matvey G."
57216592313,"Umirzakova, Zaure"
56644606300,"Akhmetova, Leysan"
58241627400,"Barakhanova, Natalia"
57192191063,"Timofeev, Victor N."
57200791697,"Motkov, Mikhail M."
57189495006,"Polishkis, M.M."
57985965000,"Yaqi, Lin"
12762288900,"Shemyakin, A.N."
57224959668,"Solovyov, N.G."
56210519000,"Yakimov, M.Yu."
55848892500,"Kotov, M.A."
57205459363,"Kosach, L.A."
57291129000,"Golovina, Oksana A."
55800114400,"Avdeeva, Anastasia S."
6603661360,"Enikeev, I. Kh."
57214447799,"Ivankov, Ch.T."
58202518100,"Komlev, M.A."
57222640940,"Belyaev, V.V."
57222631354,"Zubko, E.A."
58265974100,"Pavlyuk, I.D."
58115704300,"Plotkin, Alexander Sergeevich"
57204744362,"Fomin, V.M."
57209475391,"Apelinskiy, D.V."
6701633221,"Samokhin, Vyacheslav N."
58185495700,"Khrutskaya, A.D."
58185833300,"Fedorenko, E.N."
6507235377,"Bezrodnykh, S.I."
57216222284,"Arkhangel’skii, Alexsndr"
57216223140,"Gorshunova, Tatyana"
57219179791,"Radjabov, Zakir"
57442081300,"Koneva, N."
57215571290,"Zueva, A.S."
57475046700,"Bobrov, K.R."
58087501600,"Petryaev, P.R."
58087501700,"Shumakov, D.O."
57205123345,"Gnatyuk, Evgeniya O."
57202398494,"Karimova, Irina"
57216935330,"Vvedenskaya, Marina"
57866611600,"Malyarov, A.I."
57406598500,"Burtsev, D.S."
57867013100,"Lukashik, K.A."
7005951134,"Kalashnikov, A.S."
56416006700,"Ulrikh, Dmitrii V."
7003434846,"Timofeeva, Svetlana S."
7004307891,"Alekhin, Vladimir N."
14020923000,"Trutnev, N.S."
6504098746,"Buzdalina, I.A."
57865996900,"Doroshenko, K.O."
57216801587,"Maximov, Yu. V."
57867208800,"Avdeev, V.B."
58066050700,"Komissarenko, A.N."
57850359000,"Matisen, A.B."
58204821000,"Varshavskiy, A.A."
57866611700,"Mordenko, O.V."
58237001300,"Galaktionova, E.A."
58265871800,"Sigida, Maksim P."
36349091500,"Efanov, Dmitry"
58235883600,"Pogodina, Tatiana"
57865793300,"Knelts, V.F."
57221096741,"Ashrafi, Arifa"
57221084994,"Mokhnachev, Victor"
58220707900,"Harlamenkov, Alexey"
57205096433,"Chernenko, Sergey"
57265194900,"Nguen, Z."
58115315200,"Kosenok, Yury"
49961646200,"Gorbanyov, Vladimir"
57197808986,"Makar, Svetlana"
57226600949,"Bubnov, Vladimir"
